,baa_aaa,t10y2y,dff,cpi_yoy,indpro_yoy,dgs10,rvol,gz_spread,ebp,inv,episode,inv_E1,inv_E2,inv_E3,inv_E4,inv_E5,inv_E6
1986-01,1.3899999999999988,1.0514285714285716,8.144838709677419,3.9735099337748325,2.042568302210057,9.193809523809524,14.355125357972527,1.328334663563506,0.1904753865265687,0,0,0,0,0,0,0,0
1986-02,1.4399999999999995,0.7368421052631579,7.86,3.19849482596426,1.0483274768402273,8.704210526315789,11.640916242100044,1.5497237045603347,-0.2104199823489718,0,0,0,0,0,0,0,0
1986-03,1.5,0.564,7.479032258064516,2.1535580524344455,0.17716115650512343,7.778499999999999,12.054274138725251,1.9991487519450328,0.5602812262669692,0,0,0,0,0,0,0,0
1986-04,1.4000000000000004,0.604090909090909,6.988,1.5887850467289688,0.5395837861830843,7.29909090909091,15.878907640153074,1.9184641059649592,0.5107933350297991,0,0,0,0,0,0,0,0
1986-05,1.1999999999999993,0.6423809523809524,6.852903225806451,1.679104477611948,0.541901122652777,7.70952380952381,13.84454330224593,1.5866962357352212,0.0055262054232383,0,0,0,0,0,0,0,0
1986-06,1.209999999999999,0.6147619047619047,6.916666666666667,1.7674418604651132,0.18540518149086083,7.7995238095238095,14.584793195345567,1.9003727235973955,0.0743107650621599,0,0,0,0,0,0,0,0
1986-07,1.2799999999999994,0.6368181818181818,6.557096774193549,1.671309192200554,1.3194082831557319,7.303181818181818,16.1952229808786,2.0692244812858496,0.6913113940082307,0,0,0,0,0,0,0,0
1986-08,1.459999999999999,0.8395238095238095,6.170645161290322,1.575532900834098,0.8247799581394988,7.1657142857142855,12.711243423007849,2.231424460367828,0.654203815119129,0,0,0,0,0,0,0,0
1986-09,1.3099999999999987,1.1014285714285714,5.890333333333333,1.757631822386685,0.7412926803496367,7.447619047619048,19.892788867878547,1.902236023663172,0.3013512947048296,0,0,0,0,0,0,0,0
1986-10,1.3800000000000008,1.1472727272727272,5.845806451612903,1.5668202764977046,1.4862965758343893,7.426363636363636,14.316328186503068,1.9137912097627143,0.4831587830984347,0,0,0,0,0,0,0,0
1986-11,1.3900000000000006,0.9738888888888889,6.039333333333333,1.2844036697247763,1.5357187083427482,7.250555555555555,12.00454764414875,2.028667375395258,0.5927513971399194,0,0,0,0,0,0,0,0
1986-12,1.4800000000000004,0.8409090909090909,6.907741935483871,1.187214611872145,1.5210709724897686,7.112727272727272,14.799740707913786,1.930246589778661,0.617946413965716,0,0,0,0,0,0,0,0
1987-01,1.3600000000000012,0.8584999999999999,6.426451612903226,1.364877161055511,0.6100656345238598,7.0845,14.501097057911052,1.8012622410758348,0.4772241572016633,0,0,0,0,0,0,0,0
1987-02,1.2699999999999996,0.8526315789473684,6.101071428571428,1.9143117593436676,2.6567648418983847,7.2505263157894735,14.375780352314266,1.9024488648189863,0.5444877322317254,0,0,0,0,0,0,0,0
1987-03,1.25,0.8240909090909091,6.128387096774193,2.8414298808432603,3.54296110984762,7.248636363636364,12.687818831651935,1.8239814018725848,0.4328620080374408,0,0,0,0,0,0,0,0
1987-04,1.1899999999999995,0.9985714285714286,6.365333333333334,3.679852805887762,4.0493229629387395,8.022857142857143,20.431259566415967,1.7103216658632594,-0.279036487719013,0,0,0,0,0,0,0,0
1987-05,1.1799999999999997,0.8515,6.852903225806451,3.669724770642202,4.552760573702974,8.613,19.89577345471349,1.68388721748476,0.1675763258677469,0,0,0,0,0,0,0,0
1987-06,1.1999999999999993,0.8290909090909092,6.725,3.7477148080438782,5.519439713663821,8.402272727272727,14.612963380791035,1.639050457817809,0.1533906093389367,0,0,0,0,0,0,0,0
1987-07,1.1899999999999995,1.0045454545454546,6.58225806451613,3.926940639269394,5.549483162984625,8.44681818181818,9.824002383166224,1.594127177127132,0.2289085290042729,0,0,0,0,0,0,0,0
1987-08,1.1300000000000008,1.0076190476190476,6.732258064516128,4.2883211678832245,6.539368743960372,8.76047619047619,11.580940342278936,1.5160015599025936,0.2262163898023075,0,0,0,0,0,0,0,0
1987-09,1.1300000000000008,1.0780952380952382,7.216333333333334,4.2727272727272725,6.686739906867412,9.421904761904763,16.774690967903307,1.4993881575531094,0.2199904258286993,0,0,0,0,0,0,0,0
1987-10,1.0999999999999996,1.1223809523809525,7.288709677419354,4.355716878402904,7.649118005085254,9.520000000000001,53.23291758095808,1.6241249060666865,-0.6920482532192211,0,0,0,0,0,0,0,0
1987-11,1.2200000000000006,1.167894736842105,6.693333333333333,4.528985507246386,7.742526773047431,8.860526315789473,73.60769618230952,1.6043764806399006,0.2166392202295191,0,0,0,0,0,0,0,0
1987-12,1.1799999999999997,1.13,6.769677419354839,4.332129963898912,7.328838312501662,8.987727272727271,30.956120552618508,1.5739394552917203,-0.0355591617737178,0,0,0,0,0,0,0,0
1988-01,1.1899999999999995,1.0357894736842106,6.833870967741936,4.129263913824044,7.683256014634088,8.66578947368421,33.42300277717281,1.642292720468512,-0.1807459875904034,0,0,0,0,0,0,0,0
1988-02,1.2199999999999989,1.0314999999999999,6.582758620689655,3.9355992844364973,6.815010338304517,8.212,21.888106487703684,1.5964031008325026,0.165403387329216,0,0,0,0,0,0,0,0
1988-03,1.1799999999999997,1.1030434782608696,6.575806451612903,3.832442067736186,6.92376356971911,8.373478260869565,14.280173167106227,1.4943899163805952,-0.1002159869015864,0,0,0,0,0,0,0,0
1988-04,1.2300000000000004,1.129,6.871666666666667,3.9929015084294583,6.867457888147577,8.7185,20.0064577243118,1.394489346097105,-0.0292457162221515,0,0,0,0,0,0,0,0
1988-05,1.1399999999999988,1.0933333333333333,7.086451612903226,3.9823008849557473,5.981899007846314,9.08904761904762,15.868883574257923,1.4005998368546866,0.0524194198490588,0,0,0,0,0,0,0,0
1988-06,1.1400000000000006,0.8954545454545454,7.509,3.96475770925111,5.741687913317128,8.921363636363637,18.55916964446961,1.461479289175077,0.150581903593719,0,0,0,0,0,0,0,0
1988-07,1.1499999999999986,0.777,7.754838709677419,4.130052724077338,5.040822414780433,9.056000000000001,15.245363941450506,1.352658344162862,-0.1351730444574528,0,0,0,0,0,0,0,0
1988-08,1.1000000000000014,0.6317391304347827,8.009032258064517,4.111986001749779,4.781020904097089,9.260434782608696,14.629899407313083,1.3358934015049817,0.0389058389647731,0,0,0,0,0,0,0,0
1988-09,1.08,0.5138095238095238,8.193333333333333,4.184829991281602,4.043725665351872,8.977142857142857,13.39754705376139,1.4314266115200294,0.2243896627694785,0,0,0,0,0,0,0,0
1988-10,0.9000000000000004,0.4415,8.296129032258065,4.260869565217407,3.118549371874013,8.7955,11.582279652028696,1.556773251364014,0.3297827209281172,0,0,0,0,0,0,0,0
1988-11,1.0300000000000011,0.2965,8.345,4.246100519930662,2.8661985664013345,8.9625,13.259578988551633,1.4785730124629266,0.2305060899201902,0,0,0,0,0,0,0,0
1988-12,1.08,0.017142857142857144,8.76032258064516,4.4117647058823595,2.755857936251749,9.105714285714285,11.02355850684383,1.491305310749086,0.366253257980671,0,0,0,0,0,0,0,0
1989-01,1.0300000000000011,-0.08399999999999999,9.121290322580645,4.482758620689653,3.0792614276063945,9.0915,9.396613591012088,1.5547748210063714,0.3636309612619555,1,1,1,0,0,0,0,0
1989-02,0.9699999999999989,-0.2026315789473684,9.36107142857143,4.647160068846801,2.111356945517584,9.168947368421053,10.570390088985395,1.4457451433967528,0.2508429648788135,1,1,1,0,0,0,0,0
1989-03,0.8699999999999992,-0.32181818181818184,9.848709677419356,4.892703862660941,2.1147048238211674,9.357727272727272,13.248133939221514,1.521796417969204,0.4841258027336934,1,1,1,0,0,0,0,0
1989-04,0.8200000000000003,-0.27599999999999997,9.835333333333333,5.034129692832767,1.510544400528735,9.1755,11.024107635636014,1.5762463223027845,0.5682877241206215,1,1,1,0,0,0,0,0
1989-05,0.8900000000000006,-0.15863636363636366,9.809032258064516,5.276595744680845,1.1373664245240223,8.85909090909091,10.686694751091464,1.627533859086566,0.390783189970584,1,1,1,0,0,0,0,0
1989-06,0.9299999999999997,-0.1290909090909091,9.53,5.1694915254237195,0.8371301845179868,8.277272727272727,11.513291432053599,1.828941160853612,0.6496650032149622,1,1,1,0,0,0,0,0
1989-07,0.9399999999999995,0.199,9.235483870967743,5.063291139240511,-0.150328322933313,8.0185,12.232769523265583,1.957873517878501,0.8769322600832832,0,1,0,0,0,0,0,0
1989-08,0.9199999999999999,-0.03217391304347826,8.992258064516129,4.621848739495804,0.32497957712054326,8.112608695652174,11.819180434637962,1.7728031516570917,0.5900954727520527,1,1,1,0,0,0,0,0
1989-09,0.9000000000000004,-0.094,9.020999999999999,4.435146443514637,0.3240432253134973,8.1905,10.960938596099421,1.6098494298780603,0.6349552303198446,1,1,1,0,0,0,0,0
1989-10,0.8900000000000006,0.02857142857142857,8.840645161290322,4.587155963302747,-0.24121871415987428,8.007619047619048,18.888186611209928,1.5479655398984602,0.5220129965212101,0,0,0,0,0,0,0,0
1989-11,0.9199999999999999,0.07857142857142857,8.548,4.655029093931851,-0.14564426549978915,7.8742857142857146,17.928085121584935,1.54437498183621,0.6413456930122797,0,0,0,0,0,0,0,0
1989-12,0.9600000000000009,0.059,8.452580645161289,4.639602319801162,-0.05074563869427173,7.836,9.986286290885216,1.4583979179545183,0.5336466447293695,0,0,0,0,0,0,0,0
1990-01,0.9499999999999993,0.12142857142857141,8.229032258064516,5.198019801980203,-0.848734447631927,8.206666666666667,15.0785558697461,1.353000376120297,0.2687929063672751,0,0,0,0,0,0,0,0
1990-02,0.9199999999999999,0.10263157894736842,8.237142857142858,5.263157894736836,0.49643524964546604,8.473157894736843,15.218064267542328,1.3481455158781577,0.4046011088579276,0,0,0,0,0,0,0,0
1990-03,0.8400000000000016,-0.038181818181818185,8.276774193548386,5.237315875613735,0.7451289008624462,8.588636363636363,11.857398614089414,1.342693439550254,0.4275120515374555,1,2,0,1,0,0,0,0
1990-04,0.8399999999999999,0.0615,8.255,4.711616571892785,0.4962367772133325,8.7855,10.732350629993336,1.2768704962813933,0.1859726763162454,0,0,0,0,0,0,0,0
1990-05,0.9399999999999995,0.11590909090909092,8.176451612903225,4.365400161681476,1.3782408246781896,8.758181818181818,11.321956184339369,1.1438834400060625,0.1009726398805701,0,0,0,0,0,0,0,0
1990-06,0.9600000000000009,0.12904761904761905,8.288666666666666,4.673650282030639,1.7298125132548803,8.48,12.668862281956583,1.16396636073479,0.1540251476819958,0,0,0,0,0,0,0,0
1990-07,0.9599999999999991,0.3142857142857143,8.15258064516129,4.819277108433728,2.5412840137444492,8.471428571428572,12.988609502139923,1.1153271973470955,0.0844977100165937,0,0,0,0,0,0,0,0
1990-08,1.0,0.691304347826087,8.134193548387097,5.702811244979911,1.9009861881851498,8.752608695652174,18.781227972853635,1.0449809382742012,-0.2228579065822227,0,0,0,0,0,0,0,0
1990-09,1.08,0.8136842105263158,8.195,6.169871794871806,2.229147315019908,8.893157894736841,21.518928369155237,1.0662999533630766,-0.0035470623195497,0,0,0,0,0,0,0,0
1990-10,1.2100000000000009,0.8418181818181818,8.112580645161291,6.379585326953752,1.7690408900654653,8.719545454545456,21.931271726806596,1.323732043990583,0.1736396619633946,0,0,0,0,0,0,0,0
1990-11,1.3199999999999985,0.7935,7.806666666666667,6.195393169181873,0.1366191065791167,8.392,19.222576174111115,1.4659013762689967,0.2755361826690423,0,0,0,0,0,0,0,0
1990-12,1.379999999999999,0.761,7.312903225806451,6.254948535233562,-1.1405030076012013,8.075,12.912725685736348,1.4681418916324196,0.3516934200035706,0,0,0,0,0,0,0,0
1991-01,1.4100000000000001,0.9676190476190476,6.906451612903226,5.647058823529405,-0.961460577686335,8.091904761904763,15.44528929742096,1.4811933533571378,0.3731315536262904,0,0,0,0,0,0,0,0
1991-02,1.2400000000000002,0.9878947368421053,6.2524999999999995,5.312500000000009,-2.577958439290029,7.854736842105264,17.07571021968163,1.329468144946888,0.3045891427172504,0,0,0,0,0,0,0,0
1991-03,1.1600000000000001,1.0070000000000001,6.115161290322581,4.821150855365497,-3.61869587651098,8.11,14.988581002784553,1.288112556455963,0.2386427753216118,0,0,0,0,0,0,0,0
1991-04,1.08,1.0909090909090908,5.912333333333334,4.809930178432875,-3.1105501802648705,8.039090909090909,15.22724340852426,1.2895749714037532,0.2023908010153565,0,0,0,0,0,0,0,0
1991-05,1.0,1.2840909090909092,5.782903225806452,5.034856700232382,-2.494978108064083,8.067727272727273,13.945157253341675,1.24254903373424,0.1872207761272197,0,0,0,0,0,0,0,0
1991-06,0.9500000000000011,1.328,5.899666666666667,4.695919938414161,-2.037136646180182,8.284,12.40862420946834,1.219053645634931,0.0985025876944303,0,0,0,0,0,0,0,0
1991-07,0.8900000000000006,1.355,5.820967741935483,4.367816091954024,-1.5908264836979713,8.272727272727273,12.918706475228767,1.3049049073262844,0.1958926300044401,0,0,0,0,0,0,0,0
1991-08,0.9000000000000004,1.466818181818182,5.661290322580645,3.7993920972644313,-1.934469200524247,7.9,11.977613639755559,1.2288004143189024,0.1394495389780627,0,0,0,0,0,0,0,0
1991-09,0.9000000000000004,1.4685000000000001,5.447,3.396226415094339,-1.1640559598299127,7.65,12.816972895496141,1.3313648828634703,0.171702566683231,0,0,0,0,0,0,0,0
1991-10,0.9399999999999995,1.615,5.209677419354839,2.8485757121439192,-0.6375380485583504,7.527272727272727,9.781342624731511,1.3086918230970053,0.1569130577533357,0,0,0,0,0,0,0,0
1991-11,0.9699999999999989,1.858421052631579,4.811333333333334,3.0665669409125185,0.4829362003084814,7.417368421052632,13.1775192773673,1.3010046608973738,0.1691221656416806,0,0,0,0,0,0,0,0
1991-12,0.9499999999999993,2.0628571428571427,4.434193548387097,2.980625931445613,0.7336733229858172,7.088571428571429,14.728664457359768,1.4660034604411245,0.1797002911866352,0,0,0,0,0,0,0,0
1992-01,0.9300000000000015,2.0742857142857143,4.034193548387097,2.672605790645899,0.5334053046102349,7.032380952380953,12.699059176940132,1.2794536211254657,0.0535944764573788,0,0,0,0,0,0,0,0
1992-02,0.9400000000000013,2.1257894736842107,4.057586206896552,2.8189910979228294,1.996743776757559,7.337894736842105,10.982293395268144,1.242899862440982,0.1034233180593282,0,0,0,0,0,0,0,0
1992-03,0.9000000000000004,1.8572727272727272,3.983225806451613,3.189910979228472,3.4616952793256273,7.542272727272728,9.488973395155506,1.1699083103909609,0.0469122442986045,0,0,0,0,0,0,0,0
1992-04,0.8800000000000008,2.136190476190476,3.734666666666667,3.1828275351591495,3.972638518327498,7.480476190476191,12.260114568319548,1.175509784223132,0.0389076419424683,0,0,0,0,0,0,0,0
1992-05,0.8500000000000014,2.1665,3.823225806451613,3.0235988200590036,3.341941886534139,7.392,10.726065532004055,1.1843820679140804,0.0057414786190177,0,0,0,0,0,0,0,0
1992-06,0.8300000000000001,2.213636363636364,3.7626666666666666,3.0147058823529305,2.563756841098086,7.261818181818182,9.344796232703935,1.172716978626827,0.0047902177236229,0,0,0,0,0,0,0,0
1992-07,0.7699999999999996,2.489090909090909,3.253548387096774,3.1571218795888534,3.218992232364881,6.844545454545455,10.07748352085294,1.2350408369293928,-0.0636487630570874,0,0,0,0,0,0,0,0
1992-08,0.7000000000000002,2.392857142857143,3.303225806451613,3.0746705710102518,2.6429698460063156,6.585714285714286,8.253253485884285,1.3799484301665772,0.0819090122857266,0,0,0,0,0,0,0,0
1992-09,0.6999999999999993,2.520952380952381,3.219666666666667,2.9927007299270114,2.1710235537090616,6.415238095238095,8.979013772779172,1.500225097394876,0.1804387050368476,0,0,0,0,0,0,0,0
1992-10,0.8499999999999996,2.5061904761904765,3.099032258064516,3.279883381924198,2.917078740220802,6.589047619047619,11.325151863460691,1.393902458396458,0.1101256582573666,0,0,0,0,0,0,0,0
1992-11,0.8600000000000012,2.2936842105263158,3.0876666666666663,3.1204644412191396,3.4710914183461616,6.873157894736842,8.399522157826407,1.2645266161700814,0.0720644834807207,0,0,0,0,0,0,0,0
1992-12,0.8300000000000001,2.096363636363636,2.919677419354839,2.966714905933454,4.152288897664813,6.77,6.855701390533114,1.3295045115637305,0.1061383778694045,0,0,0,0,0,0,0,0
1993-01,0.7599999999999998,2.21,3.024193548387097,3.2537960954446943,5.1026982701394274,6.6000000000000005,7.358650943416888,1.355951641874794,0.0694622489767353,0,0,0,0,0,0,0,0
1993-02,0.6800000000000006,2.1605263157894736,3.027142857142857,3.2467532467532534,4.8685284067500945,6.258947368421053,9.418040596919502,1.3965432285368893,0.0625967978121433,0,0,0,0,0,0,0,0
1993-03,0.5700000000000003,2.0256521739130435,3.074193548387097,3.0194104960460155,3.8911814838072933,5.975217391304348,12.259011718085308,1.3454621283300705,0.0345211586704097,0,0,0,0,0,0,0,0
1993-04,0.6800000000000006,2.131904761904762,2.957666666666667,3.1563845050215145,3.3914177146763924,5.9695238095238095,10.786528219073565,1.3935857024107212,0.0671460273127051,0,0,0,0,0,0,0,0
1993-05,0.7800000000000011,2.0585,2.9961290322580645,3.2211882605583497,2.6622718052738525,6.0355,9.211061706820594,1.3054661954946778,0.0369960859229681,0,0,0,0,0,0,0,0
1993-06,0.7400000000000002,1.799090909090909,3.038,2.9978586723768963,2.8411547715022856,5.962727272727273,9.607742050641127,1.2981601902812958,-0.0308050041671545,0,0,0,0,0,0,0,0
1993-07,0.7599999999999998,1.7333333333333332,3.055483870967742,2.8469750889679624,2.1777342523886745,5.805238095238095,9.119846420411212,1.2721859437250171,-0.0377203913470611,0,0,0,0,0,0,0,0
1993-08,0.75,1.6763636363636365,3.032258064516129,2.840909090909083,2.628418293185275,5.677727272727273,6.347874606289162,1.3625285071977742,-0.03851166345247,0,0,0,0,0,0,0,0
1993-09,0.6799999999999997,1.512857142857143,3.0863333333333336,2.7639971651311157,2.833713227717971,5.36,6.734164595382411,1.3998979187338974,0.0526951889319651,0,0,0,0,0,0,0,0
1993-10,0.6399999999999997,1.4594999999999998,2.9925806451612904,2.752293577981657,2.892835100274227,5.334,6.95405969820432,1.3367448488358842,-0.0224518620858202,0,0,0,0,0,0,0,0
1993-11,0.7300000000000004,1.5685,3.0180000000000002,2.7445460942997935,2.972500941748568,5.724,8.232448448461636,1.2544880900996584,-0.1171530930409547,0,0,0,0,0,0,0,0
1993-12,0.7600000000000007,1.5618181818181818,2.9551612903225806,2.8109627547435068,3.407732938414032,5.774090909090909,6.00431144022154,1.2250751399134472,-0.1547110246418348,0,0,0,0,0,0,0,0
1994-01,0.7300000000000004,1.6105,3.0506451612903227,2.450980392156854,3.3086266095749384,5.750500000000001,6.468928137191576,1.18684313879281,-0.2311835675794049,0,0,0,0,0,0,0,0
1994-02,0.6799999999999997,1.4989473684210526,3.245,2.515723270440251,2.8734118125557373,5.9731578947368416,10.332990654699744,1.0968800713628677,-0.4250040549841203,0,0,0,0,0,0,0,0
1994-03,0.6500000000000004,1.4873913043478262,3.335806451612903,2.6517794836008246,4.013742016462052,6.482608695652174,9.005103463962,1.1755918513296757,-0.3091400942585558,0,0,0,0,0,0,0,0
1994-04,0.6399999999999997,1.4226315789473685,3.555,2.364394993045882,4.342604424720231,6.972105263157895,13.891673426140043,1.1879849829668934,-0.2672793913804174,0,0,0,0,0,0,0,0
1994-05,0.629999999999999,1.2152380952380952,4.010967741935484,2.288488210818307,5.220887873549018,7.183333333333333,10.910524941338887,1.2113674560872132,-0.2730844060754567,0,0,0,0,0,0,0,0
1994-06,0.6800000000000006,1.17,4.245666666666667,2.494802494802495,5.692891278467149,7.101363636363636,7.927083639775336,1.1748465768652063,-0.3179561448869701,0,0,0,0,0,0,0,0
1994-07,0.6900000000000013,1.168,4.256129032258064,2.69896193771626,5.548865528406344,7.298,9.18057318952727,1.1696839016010063,-0.2919052523099781,0,0,0,0,0,0,0,0
1994-08,0.6699999999999999,1.058695652173913,4.474516129032258,2.900552486187835,6.384761951629092,7.236086956521739,6.838479309239722,1.1477256712956685,-0.2607326424260141,0,0,0,0,0,0,0,0
1994-09,0.6400000000000006,1.0647619047619048,4.733666666666666,2.965517241379323,6.156180732641192,7.457142857142857,9.302622167491817,1.1327907919544653,-0.3850354115545771,0,0,0,0,0,0,0,0
1994-10,0.629999999999999,1.0154999999999998,4.76,2.609890109890123,6.231501771426062,7.744,10.999876329783046,1.1500297873729357,-0.3016835549697723,0,0,0,0,0,0,0,0
1994-11,0.6400000000000006,0.8065,5.294666666666667,2.602739726027403,6.4711768991924545,7.955,10.972471180102614,1.219551405021898,-0.2268281142945154,0,0,0,0,0,0,0,0
1994-12,0.6399999999999988,0.22428571428571428,5.453225806451614,2.597402597402576,6.925835091579047,7.813809523809524,10.413869302282642,1.245588667914712,-0.175663977914223,0,0,0,0,0,0,0,0
1995-01,0.6199999999999992,0.2725,5.52741935483871,2.8708133971291794,6.800469318244806,7.7795000000000005,6.355869524590888,1.2376204091901175,-0.2196770408046877,0,0,0,0,0,0,0,0
1995-02,0.5899999999999999,0.35789473684210527,5.915357142857142,2.862985685071595,6.617845269116707,7.469473684210525,6.5800054594033615,1.2088059775581974,-0.2515524302367227,0,0,0,0,0,0,0,0
1995-03,0.5800000000000001,0.42913043478260865,5.976451612903226,2.7872195785180187,5.7165348260771465,7.204782608695653,7.581942438527988,1.2078650507605075,-0.2607607671789427,0,0,0,0,0,0,0,0
1995-04,0.5700000000000003,0.4947368421052632,6.047333333333333,3.125000000000022,4.913630863868201,7.062631578947368,6.004855627326239,1.183477000313479,-0.2000784972312508,0,0,0,0,0,0,0,0
1995-05,0.5499999999999989,0.46181818181818185,6.009032258064516,3.1186440677966054,4.945992374531105,6.632727272727274,7.070618979005863,1.2813010454586733,-0.2900512024194333,0,0,0,0,0,0,0,0
1995-06,0.6000000000000005,0.4522727272727272,6.001333333333333,3.0425963488843744,4.587732144288292,6.168181818181818,10.727181033730076,1.3072308326919748,-0.1040533252655893,0,0,0,0,0,0,0,0
1995-07,0.629999999999999,0.49799999999999994,5.851935483870967,2.8301886792452713,4.012060921624383,6.2780000000000005,9.68675875618396,1.2247000578450402,-0.2753980463514152,0,0,0,0,0,0,0,0
1995-08,0.6199999999999992,0.5073913043478261,5.735161290322581,2.6174496644295386,4.689029105863818,6.488260869565217,7.153804233400296,1.2437997207484637,-0.167278318854523,0,0,0,0,0,0,0,0
1995-09,0.6099999999999994,0.3915,5.804666666666666,2.54521098459477,4.7816808149161005,6.1975,5.506381613739004,1.2399793988750591,-0.1249200440019979,0,0,0,0,0,0,0,0
1995-10,0.6299999999999999,0.3476190476190476,5.756129032258064,2.7443105756358666,3.7627368685886786,6.044761904761905,6.6179494331972855,1.313574129636491,-0.0882366514114869,0,0,0,0,0,0,0,0
1995-11,0.6600000000000001,0.45142857142857146,5.803,2.603471295060067,3.3298500978240275,5.93047619047619,8.426206714612718,1.358512931554788,-0.0052278941005134,0,0,0,0,0,0,0,0
1995-12,0.6699999999999999,0.387,5.601935483870967,2.5316455696202667,2.6396897921781903,5.7115,8.932566599655901,1.372109117508295,-0.0182447310629805,0,0,0,0,0,0,0,0
1996-01,0.6600000000000001,0.54,5.564838709677419,2.7906976744185963,1.8788215519394358,5.652380952380953,11.738693985492716,1.3535891710896124,-0.065744328008267,0,0,0,0,0,0,0,0
1996-02,0.6399999999999997,0.78,5.224482758620689,2.717031146454607,3.4865787366735512,5.8055,11.146505438208177,1.2660126664666465,-0.2782045927366585,0,0,0,0,0,0,0,0
1996-03,0.6799999999999997,0.6076190476190476,5.314193548387097,2.8439153439153486,3.188414739319012,6.268571428571428,15.525347265627504,1.2248624597498483,-0.3028202423218824,0,0,0,0,0,0,0,0
1996-04,0.6899999999999995,0.5540909090909091,5.223666666666667,2.832674571805005,4.395391371041835,6.511363636363637,12.456529901082076,1.2275426310800963,-0.2527378723334619,0,0,0,0,0,0,0,0
1996-05,0.6800000000000006,0.6418181818181817,5.235161290322581,2.827087442472065,4.661591494286932,6.736818181818182,10.712578431548856,1.173951392709142,-0.2859498154705018,0,0,0,0,0,0,0,0
1996-06,0.6900000000000004,0.615,5.2733333333333325,2.8215223097112663,5.110978907668273,6.912000000000001,8.690007807201011,1.2378641745844523,-0.2387761861756143,0,0,0,0,0,0,0,0
1996-07,0.6999999999999993,0.5954545454545455,5.396451612903226,2.8833551769331667,5.568536043472649,6.865454545454545,13.19776143449235,1.250432484837979,-0.2872515915210274,0,0,0,0,0,0,0,0
1996-08,0.7199999999999998,0.6063636363636363,5.222903225806451,2.8122956180510084,4.720645436557502,6.635454545454545,13.661730789806297,1.220289058995749,-0.3583719787021158,0,0,0,0,0,0,0,0
1996-09,0.6899999999999995,0.598,5.299,3.0045721750489918,4.952801645891314,6.832000000000001,10.041728386211469,1.204128297221062,-0.352361864410055,0,0,0,0,0,0,0,0
1996-10,0.6800000000000006,0.620909090909091,5.2380645161290325,3.0618892508143203,5.168722601692299,6.533636363636364,7.67752541926632,1.2458245076563657,-0.2947967063138246,0,0,0,0,0,0,0,0
1996-11,0.6900000000000004,0.5021052631578947,5.311000000000001,3.2530904359141077,5.855898562613082,6.203684210526316,8.176714875382144,1.293653400846767,-0.2464730513213979,0,0,0,0,0,0,0,0
1996-12,0.6899999999999995,0.5204761904761904,5.2945161290322575,3.378817413905133,6.165643121709419,6.302380952380952,11.350335805246239,1.2157914465016706,-0.3695262115564102,0,0,0,0,0,0,0,0
1997-01,0.6699999999999999,0.570952380952381,5.2545161290322575,3.0381383322559907,6.946049233947327,6.579047619047619,13.529386588815424,1.2492595672741846,-0.3168434767017798,0,0,0,0,0,0,0,0
1997-02,0.6300000000000008,0.5210526315789474,5.185714285714285,3.0322580645161246,6.661807501031536,6.419473684210526,13.166659811881843,1.183749164449512,-0.433946297449401,0,0,0,0,0,0,0,0
1997-03,0.6299999999999999,0.4725,5.386129032258064,2.7652733118971096,7.470272474009643,6.6945,14.076749637052705,1.1872482912305606,-0.4645621243959454,0,0,0,0,0,0,0,0
1997-04,0.6099999999999994,0.43727272727272726,5.507333333333333,2.434336963484962,6.536171976339267,6.885454545454545,17.30931657351481,1.1921553480545748,-0.4127552905242821,0,0,0,0,0,0,0,0
1997-05,0.6199999999999992,0.4342857142857143,5.5041935483870965,2.237851662404089,6.331688761977006,6.7109523809523814,18.142583866535087,1.1503118443016456,-0.4118443800070299,0,0,0,0,0,0,0,0
1997-06,0.6099999999999994,0.3990476190476191,5.555666666666666,2.233567326100827,6.012329789391524,6.493809523809524,13.074557409518707,1.1253428701756425,-0.5122629227659896,0,0,0,0,0,0,0,0
1997-07,0.6100000000000003,0.32954545454545453,5.521290322580645,2.165605095541401,6.901473595485519,6.220454545454545,15.919836464569403,1.182791168896258,-0.4888851771910623,0,0,0,0,0,0,0,0
1997-08,0.6000000000000005,0.3595238095238095,5.542258064516129,2.2900763358778775,7.421174007233544,6.298571428571429,16.06476500289553,1.123788043465732,-0.4901691566430255,0,0,0,0,0,0,0,0
1997-09,0.5499999999999998,0.32666666666666666,5.540666666666667,2.21940393151554,7.7307713474798145,6.208571428571428,19.096910025505537,1.1348460962459217,-0.5427649015935165,0,0,0,0,0,0,0,0
1997-10,0.5700000000000003,0.25772727272727275,5.4961290322580645,2.0859671302149163,8.653836077256006,6.029545454545455,17.800538509169783,1.2675429750986125,-0.4159483525035121,0,0,0,0,0,0,0,0
1997-11,0.5499999999999998,0.1622222222222222,5.5216666666666665,1.8903591682419618,8.512624010737335,5.875,33.73206491369501,1.291483356687293,-0.3091341954358013,0,0,0,0,0,0,0,0
1997-12,0.5600000000000005,0.09363636363636364,5.504838709677419,1.6970458830924073,8.280957988374027,5.808636363636364,16.27139559156058,1.2848991315655756,-0.3741822940910777,0,0,0,0,0,0,0,0
1998-01,0.5800000000000001,0.1875,5.55741935483871,1.6311166875784044,8.58347433946034,5.5445,18.091657364214846,1.3324764948963344,-0.3290312250674774,0,0,0,0,0,0,0,0
1998-02,0.5800000000000001,0.1568421052631579,5.505714285714285,1.440200375704448,7.476143150007708,5.574736842105263,14.264755270128695,1.300507169835315,-0.3037004633202598,0,0,0,0,0,0,0,0
1998-03,0.6000000000000005,0.08590909090909092,5.493548387096775,1.3767209011263937,6.835942439493192,5.647272727272727,11.032614919460412,1.2807110816305671,-0.3560799151346909,0,0,0,0,0,0,0,0
1998-04,0.6399999999999997,0.07333333333333333,5.445333333333334,1.4383989993745905,7.077008185695677,5.637619047619047,10.716259482695955,1.1931878821197677,-0.3891873448000504,0,0,0,0,0,0,0,0
1998-05,0.6099999999999994,0.059,5.488709677419355,1.6885553470919357,7.188999827918208,5.6525,13.932873198686314,1.2049649621035616,-0.3425668464841187,0,0,0,0,0,0,0,0
1998-06,0.5999999999999996,-0.023636363636363636,5.558666666666666,1.6229712858926382,6.058575229559682,5.496363636363636,13.939643438847657,1.304477392053375,-0.3046509043701457,1,3,0,0,1,0,0,0
1998-07,0.6000000000000005,0.0031818181818181815,5.5358064516129035,1.74563591022443,4.755871384932742,5.461363636363637,13.887482578568678,1.351531588162124,-0.2646588100838118,0,0,0,0,0,0,0,0
1998-08,0.6200000000000001,0.07333333333333333,5.546774193548386,1.6169154228855787,5.865515150473688,5.341904761904762,21.70777458402475,1.982338248471696,0.1346269993791431,0,0,0,0,0,0,0,0
1998-09,0.6899999999999995,0.14047619047619048,5.511666666666667,1.4267990074441794,4.848836473856544,4.806666666666667,40.063719868941426,2.0939971059121394,0.1179919049354307,0,0,0,0,0,0,0,0
1998-10,0.8099999999999996,0.43809523809523804,5.070967741935483,1.4860681114551078,4.637794383238925,4.529999999999999,29.261903524104767,2.231529067261861,0.2328265878315814,0,0,0,0,0,0,0,0
1998-11,0.9299999999999997,0.28736842105263155,4.826,1.4842300556586308,3.741486019967022,4.827368421052632,15.002454482011396,1.9704781514693368,0.2177581010516132,0,0,0,0,0,0,0,0
1998-12,1.0100000000000007,0.13863636363636364,4.683548387096774,1.606922126081578,3.7695732652959,4.645,19.4004989676569,1.931560859653758,0.0813582970994371,0,0,0,0,0,0,0,0
1999-01,1.0499999999999998,0.1068421052631579,4.6325806451612905,1.6666666666666607,3.763083805136991,4.722105263157895,19.353974131562676,1.8910240518719068,0.0732633440950829,0,0,0,0,0,0,0,0
1999-02,0.9899999999999993,0.12263157894736842,4.764642857142857,1.6666666666666607,4.225398806274816,4.998947368421053,21.562631867890186,1.7647874110936752,-0.1521229482882431,0,0,0,0,0,0,0,0
1999-03,0.9100000000000001,0.17956521739130435,4.809354838709678,1.7283950617283939,4.425125461604007,5.232608695652174,19.38621771572652,1.6627708467708866,-0.1397212419153521,0,0,0,0,0,0,0,0
1999-04,0.8400000000000007,0.20772727272727273,4.7363333333333335,2.281134401972884,4.307254602909483,5.184545454545455,19.663691464089794,1.61081396376359,-0.1804630594356058,0,0,0,0,0,0,0,0
1999-05,0.79,0.28500000000000003,4.742258064516129,2.091020910209096,4.27940147673862,5.539499999999999,18.340402915531865,1.6458082656553763,-0.1788457831326972,0,0,0,0,0,0,0,0
1999-06,0.7899999999999991,0.2809090909090909,4.764666666666667,1.9656019656019597,4.826418688874012,5.899545454545454,18.557225151460205,1.6858768196852143,-0.1153493359154667,0,0,0,0,0,0,0,0
1999-07,0.7599999999999998,0.23714285714285716,4.994193548387097,2.1446078431372584,5.839978413843561,5.791904761904762,14.437032639634978,1.7423784548501322,-0.0671506225768978,0,0,0,0,0,0,0,0
1999-08,0.75,0.2609090909090909,5.072258064516129,2.2643818849449104,4.109544569149426,5.9390909090909085,16.210761871888565,1.9586411946480329,-0.0062182451954324,0,0,0,0,0,0,0,0
1999-09,0.8099999999999996,0.25333333333333335,5.224333333333333,2.629969418960254,3.7444563415508503,5.915238095238095,18.9297922129354,2.0206204322703125,0.1274627237814714,0,0,0,0,0,0,0,0
1999-10,0.830000000000001,0.2495,5.199999999999999,2.56253813300793,4.29950432876991,6.112,20.001400633792944,2.0866789305995903,0.1410492118728359,0,0,0,0,0,0,0,0
1999-11,0.79,0.172,5.42,2.6203534430225606,4.884601547870515,6.034,19.419120428892274,2.037546173748062,0.1059751333177765,0,0,0,0,0,0,0,0
1999-12,0.6399999999999997,0.1709090909090909,5.295806451612902,2.676399026763998,5.216917187508963,6.275454545454545,13.233659005364395,1.862697629054356,-0.1237496185857296,0,0,0,0,0,0,0,0
2000-01,0.5499999999999998,0.221,5.448387096774193,2.792956891317555,4.620955049951481,6.661,20.03525843347159,1.951746674154659,0.0615512515941278,0,0,0,0,0,0,0,0
2000-02,0.6099999999999994,-0.091,5.7348275862068965,3.2179720704310855,4.313335681097841,6.519499999999999,22.35970049342172,2.122063749705321,0.1506094515089597,1,4,0,0,0,1,0,0
2000-03,0.6899999999999995,-0.2717391304347826,5.853548387096774,3.762135922330101,4.447293166354416,6.256521739130435,25.111752535787897,2.4724797336204185,0.4152358902666995,1,4,0,0,0,1,0,0
2000-04,0.7600000000000007,-0.4131578947368421,6.019666666666667,3.013863773357439,4.828026846244748,5.990526315789474,28.029626767686356,2.6326045966269307,0.5727271634989064,1,4,0,0,0,1,0,0
2000-05,0.9100000000000001,-0.3690909090909091,6.268064516129033,3.1325301204819134,4.451469064576807,6.440454545454545,28.796725795523994,2.802786292820378,0.7550108790957903,1,4,0,0,0,1,0,0
2000-06,0.8100000000000005,-0.3845454545454546,6.528333333333333,3.7349397590361377,4.574285752844154,6.097272727272728,21.841934116965362,2.8122246765252883,0.8028672875824259,1,4,0,0,0,1,0,0
2000-07,0.6999999999999993,-0.28500000000000003,6.5445161290322575,3.5992801439711952,3.7698485910728996,6.054,15.245866668463984,2.9290527958432584,0.8829727322319285,1,4,0,0,0,1,0,0
2000-08,0.71,-0.4026086956521739,6.496774193548387,3.3512866546977715,3.0734226950164922,5.826086956521739,14.013228655527643,3.051138311629874,1.0366091441550718,1,4,0,0,0,1,0,0
2000-09,0.7299999999999995,-0.28250000000000003,6.5169999999999995,3.45649582836709,3.968806853188922,5.799,10.706630922371676,3.199956227897844,1.1437161496074824,1,4,0,0,0,1,0,0
2000-10,0.79,-0.1738095238095238,6.509354838709677,3.4503271861986873,2.3142184859096693,5.738571428571428,20.094903217666197,3.635501030687768,1.5346831961029093,1,4,0,0,0,1,0,0
2000-11,0.8299999999999992,-0.15809523809523812,6.514333333333334,3.444180522565321,1.8491278756576968,5.717142857142857,23.104646864491002,3.7367477473529096,1.6174735885080334,1,4,0,0,0,1,0,0
2000-12,0.8099999999999996,-0.1115,6.402258064516129,3.4360189573459543,0.7397718173229428,5.2405,24.67646258981035,3.7571032536719455,1.6170391740483292,1,4,0,0,0,1,0,0
2001-01,0.7799999999999994,0.40095238095238095,5.975806451612903,3.7212049616065945,0.3976490637767949,5.160952380952381,28.39613483813794,3.370642447300915,1.1622955955711358,0,0,0,0,0,0,0,0
2001-02,0.7700000000000005,0.4421052631578948,5.494285714285715,3.529411764705892,-0.5668458865284554,5.098947368421053,14.842556412744658,3.292957190620823,1.1940819670769,0,0,0,0,0,0,0,0
2001-03,0.8599999999999994,0.5431818181818181,5.3109677419354835,2.9824561403508643,-1.122295725249156,4.885454545454546,23.360948784464224,3.249290427478023,1.1229074402402897,0,0,0,0,0,0,0,0
2001-04,0.8700000000000001,0.907,4.8020000000000005,3.2182562902282053,-2.0602186217959284,5.141,32.26680793930446,3.172554202298158,0.9318129307344476,0,0,0,0,0,0,0,0
2001-05,0.7800000000000002,1.1313636363636363,4.21225806451613,3.5630841121495394,-2.791181055600911,5.391363636363637,20.679480232246316,2.968723805976939,0.7868885420296272,0,0,0,0,0,0,0,0
2001-06,0.79,1.2042857142857142,3.969666666666667,3.193960511033689,-3.3422163718917375,5.284285714285714,15.733185574660968,3.0764290736696878,1.02896960171549,0,0,0,0,0,0,0,0
2001-07,0.8399999999999999,1.1976190476190476,3.769032258064516,2.7214823393167498,-3.773511714911293,5.236190476190477,17.053879391512595,3.0117005556463217,0.796543983675313,0,0,0,0,0,0,0,0
2001-08,0.8300000000000001,1.2139130434782608,3.6525806451612906,2.7214823393167498,-3.6215277665228585,4.971304347826087,15.568948391299955,3.003516881008127,0.7771101793633917,0,0,0,0,0,0,0,0
2001-09,0.8599999999999994,1.6129411764705883,3.069,2.5921658986175045,-4.55015745457048,4.731764705882353,23.328750293778587,3.5172105122612867,1.2421828351269406,0,0,0,0,0,0,0,0
2001-10,0.8799999999999999,1.8409090909090908,2.485161290322581,2.127659574468077,-4.440502321905382,4.566818181818181,25.966341154164933,3.417345785311736,1.0581534511933293,0,0,0,0,0,0,0,0
2001-11,0.8399999999999999,1.8690000000000002,2.087,1.894374282433997,-5.044913960783126,4.6515,18.478132085782345,2.969791665177343,-0.092293066749121,0,0,0,0,0,0,0,0
2001-12,1.2800000000000011,1.9805,1.817741935483871,1.603665521191311,-4.774776238202749,5.0875,16.168782024897617,2.8843698750408246,0.4133693074505533,0,0,0,0,0,0,0,0
2002-01,1.3200000000000003,2.0076190476190474,1.7296774193548385,1.1958997722095743,-3.682618441383212,5.035714285714286,13.000099374004899,2.920527776772775,0.575486888967228,0,0,0,0,0,0,0,0
2002-02,1.38,1.8963157894736842,1.7396428571428573,1.1363636363636465,-3.0399744149724905,4.911578947368421,19.468180768496254,2.958090585289686,0.794311221432193,0,0,0,0,0,0,0,0
2002-03,1.2999999999999998,1.7265000000000001,1.73,1.3628620102214661,-2.1374903694403535,5.284000000000001,17.953648007981478,2.6166188563709696,0.2887773233941004,0,0,0,0,0,0,0,0
2002-04,1.2699999999999996,1.7881818181818183,1.7530000000000001,1.643990929705219,-1.3053329089064758,5.210909090909091,14.454088821895171,2.658459443149495,0.4268434551817628,0,0,0,0,0,0,0,0
2002-05,1.3399999999999999,1.9004545454545456,1.751290322580645,1.2408347433727984,-0.43328851038398897,5.164545454545455,21.44686045054129,2.73463728322125,0.5262584338907232,0,0,0,0,0,0,0,0
2002-06,1.3200000000000003,1.9335,1.7503333333333333,1.0692177827799743,0.920910919642548,4.9265,19.996556949327353,3.2774888967934257,0.9799078104748364,0,0,0,0,0,0,0,0
2002-07,1.37,2.096363636363636,1.729032258064516,1.465614430665152,1.5386975548359105,4.653181818181818,30.18605928245238,4.091923009031274,1.6082539571455987,0,0,0,0,0,0,0,0
2002-08,1.21,2.1236363636363635,1.7432258064516128,1.747463359639223,1.5424836015125454,4.257272727272727,41.40999468050934,3.9681842117671433,1.5053236474767693,0,0,0,0,0,0,0,0
2002-09,1.25,1.8655000000000002,1.7506666666666668,1.516002245929271,2.146064440525741,3.87,28.758727120920405,4.296627011872055,1.6912158442719245,0,0,0,0,0,0,0,0
2002-10,1.4100000000000001,2.0290909090909093,1.7548387096774194,2.0270270270270174,2.2135422551443185,3.940909090909091,36.103818070009595,4.3470043902468944,1.4825148576600258,0,0,0,0,0,0,0,0
2002-11,1.3100000000000005,2.125263157894737,1.3359999999999999,2.2535211267605604,3.4115039217915255,4.048421052631579,25.130068641778752,3.774240172865568,1.0646892806517672,0,0,0,0,0,0,0,0
2002-12,1.2400000000000002,2.1961904761904765,1.2383870967741937,2.4802705749718212,2.880394484854265,4.032380952380952,22.05559609640526,3.678170983408556,0.930338697149042,0,0,0,0,0,0,0,0
2003-01,1.1799999999999997,2.305238095238095,1.2351612903225806,2.757456387169399,3.071140654513904,4.048571428571428,22.17525281977728,3.562984513458865,0.8798414758778521,0,0,0,0,0,0,0,0
2003-02,1.1099999999999994,2.274736842105263,1.2621428571428572,3.146067415730336,3.1817124112425654,3.9026315789473687,20.91230162978619,3.4491588116232954,0.67888767936538,0,0,0,0,0,0,0,0
2003-03,1.0600000000000005,2.2333333333333334,1.2529032258064516,3.025210084033625,2.1709435832793167,3.8071428571428574,23.484649340304564,3.2069138402586472,0.1623287834205729,0,0,0,0,0,0,0,0
2003-04,1.1099999999999994,2.336190476190476,1.258,2.175125488008911,1.0688138922369639,3.958571428571428,23.752747228488165,2.72867792736998,0.0761879298560024,0,0,0,0,0,0,0,0
2003-05,1.1600000000000001,2.1538095238095236,1.2590322580645161,1.8941504178273005,0.636921435240767,3.5690476190476192,16.93065673722979,2.804684502891423,-0.4705847157133518,0,0,0,0,0,0,0,0
2003-06,1.2200000000000006,2.107142857142857,1.2226666666666666,1.948775055679297,-0.05887145406980876,3.334285714285714,16.018721094144727,2.5407174376511183,-0.3637933674872875,0,0,0,0,0,0,0,0
2003-07,1.13,2.5013636363636365,1.011290322580645,2.055555555555544,0.48700385655000566,3.975454545454546,16.196366453212995,2.4420962025251987,-1.070803891702051,0,0,0,0,0,0,0,0
2003-08,1.13,2.580952380952381,1.0290322580645161,2.216066481994461,0.37923869625795525,4.4452380952380945,13.37294000947584,2.3966710255195864,-0.1931230108441841,0,0,0,0,0,0,0,0
2003-09,1.0700000000000003,2.568095238095238,1.01,2.378318584070782,0.9407289987876988,4.274285714285715,11.786407558925383,2.422968808832967,-0.537798849890136,0,0,0,0,0,0,0,0
2003-10,1.0300000000000002,2.5427272727272725,1.01,2.041942604856528,1.2759729528664998,4.290454545454545,14.622546757207038,2.1027438622236847,-0.5171390843725256,0,0,0,0,0,0,0,0
2003-11,1.0099999999999998,2.373333333333333,0.996,1.9283746556473913,1.387033904173962,4.300000000000001,10.887709997154644,2.00841067750452,-0.5444982968310965,0,0,0,0,0,0,0,0
2003-12,0.9799999999999995,2.3604545454545454,0.9841935483870967,2.0352035203520247,1.9841883950955763,4.267727272727273,10.945367815407419,1.9178418291929265,-0.5088700705201101,0,0,0,0,0,0,0,0
2004-01,0.9000000000000004,2.3895,0.9970967741935484,2.026286966046009,1.2763588097255418,4.1505,9.426288350961423,1.789382741289964,-0.7051403911186993,0,0,0,0,0,0,0,0
2004-02,0.7699999999999996,2.3442105263157895,1.007241379310345,1.688453159041381,1.7663898756903773,4.084210526315789,11.107301697237896,1.9030963038824733,-0.3366210496354644,0,0,0,0,0,0,0,0
2004-03,0.7800000000000002,2.248695652173913,1.0016129032258065,1.7400761283306032,1.626375894029275,3.826521739130435,12.048717799387552,1.9172389986233151,-0.5219399184607476,0,0,0,0,0,0,0,0
2004-04,0.7299999999999995,2.276666666666667,1.004,2.2925764192139875,2.615123170170186,4.347619047619047,13.407416175586045,1.7469234840325616,-0.7621489151429375,0,0,0,0,0,0,0,0
2004-05,0.71,2.182,1.0045161290322582,2.8977583378895444,3.38458309862264,4.7155000000000005,12.266273864179572,1.8923534946015337,-0.3798647067514021,0,0,0,0,0,0,0,0
2004-06,0.7700000000000005,1.9704761904761903,1.0256666666666667,3.1676679410158393,2.447031362551799,4.733809523809524,10.66241824924407,1.803104308347058,-0.3846492952893787,0,0,0,0,0,0,0,0
2004-07,0.7999999999999998,1.8595238095238094,1.2635483870967743,2.939575394665228,2.6848554355043186,4.498095238095239,9.02526253397432,1.72978803047843,-0.3207239785558717,0,0,0,0,0,0,0,0
2004-08,0.8099999999999996,1.7731818181818182,1.4293548387096775,2.5474254742547275,2.9784524146032165,4.281363636363636,12.40683993743773,1.854785625263608,-0.4238252105126803,0,0,0,0,0,0,0,0
2004-09,0.8099999999999996,1.6004761904761904,1.605,2.5391680172879516,2.448803847620762,4.1257142857142854,9.941388520520727,1.7433738815547837,-0.5454174742076641,0,0,0,0,0,0,0,0
2004-10,0.7400000000000002,1.5125,1.7609677419354839,3.1909140075716547,3.1957484615569243,4.0969999999999995,11.03590901879116,1.7348672231747069,-0.5287472596014544,0,0,0,0,0,0,0,0
2004-11,0.6800000000000006,1.342,1.932,3.621621621621607,2.763005391785356,4.194,11.168024424650065,1.527808172086814,-0.6674619342229238,0,0,0,0,0,0,0,0
2004-12,0.6800000000000006,1.219090909090909,2.1561290322580646,3.3423180592991875,3.551152067738861,4.2309090909090905,9.720975412254171,1.4593200821488044,-0.7144793133054914,0,0,0,0,0,0,0,0
2005-01,0.6599999999999993,0.999,2.2793548387096774,2.8448738593666034,3.7656681883018184,4.221500000000001,9.199642211146534,1.694157418561368,-0.6985768568461257,0,0,0,0,0,0,0,0
2005-02,0.6200000000000001,0.7805263157894737,2.501785714285714,3.0530262453133394,3.8921878697906642,4.165263157894737,9.774797651386947,1.5487873461845,-0.928235818392505,0,0,0,0,0,0,0,0
2005-03,0.6599999999999993,0.770909090909091,2.629032258064516,3.2068412613575736,4.168552298887196,4.497727272727273,10.427722550720222,1.84029884526466,-0.6404606792195966,0,0,0,0,0,0,0,0
2005-04,0.7199999999999998,0.6871428571428572,2.7849999999999997,3.3617929562433257,4.006456472613795,4.3409523809523805,11.877969216956783,2.123849804550002,-0.385141530375968,0,0,0,0,0,0,0,0
2005-05,0.8599999999999994,0.5004761904761905,3.00258064516129,2.869287991498415,3.3534790649275337,4.144285714285714,13.872571179135381,2.095573548080987,-0.3041181662168313,0,0,0,0,0,0,0,0
2005-06,0.9000000000000004,0.3577272727272727,3.0356666666666663,2.541026998411855,4.6347083589064475,3.998181818181818,8.171602658135937,1.9517064141976743,-0.4497779403759994,0,0,0,0,0,0,0,0
2005-07,0.8900000000000006,0.3065,3.2625806451612904,3.067160232681121,3.5298493345260917,4.1775,9.119404744606143,1.7112655755249837,-0.553181620446376,0,0,0,0,0,0,0,0
2005-08,0.8700000000000001,0.21826086956521742,3.4996774193548386,3.6469344608879517,3.797594088074363,4.262608695652174,8.651821248412482,1.799036344160574,-0.5508056747857524,0,0,0,0,0,0,0,0
2005-09,0.9000000000000004,0.2528571428571429,3.6229999999999998,4.741833508956805,1.6574450087309733,4.199047619047619,9.335144020686684,1.8192294221802885,-0.4587367151560589,0,0,0,0,0,0,0,0
2005-10,0.9500000000000002,0.1925,3.7793548387096774,4.350104821802936,2.0209103457029087,4.4635,11.202028521937022,1.868970152017997,-0.3417977153133054,0,0,0,0,0,0,0,0
2005-11,0.9699999999999998,0.11850000000000001,3.999,3.3385498174230532,2.9120723180627417,4.535,12.10695738377225,1.8766400461010648,-0.311798428009423,0,0,0,0,0,0,0,0
2005-12,0.9500000000000002,0.06285714285714286,4.1570967741935485,3.3385498174230532,2.6259073757150198,4.467142857142857,7.808134681818282,1.938260244880912,-0.2828219152916393,0,0,0,0,0,0,0,0
2006-01,0.9500000000000002,0.020499999999999997,4.285161290322581,4.018789144050117,2.4194801632455576,4.416,9.726597940318015,1.7809856727547158,-0.3526299541599331,0,0,0,0,0,0,0,0
2006-02,0.9199999999999999,-0.09947368421052633,4.491428571428572,3.63825363825363,1.7242361205308532,4.568947368421052,9.905978961458606,1.7325564182649502,-0.3086813923565328,1,5,0,0,0,0,1,0
2006-03,0.8799999999999999,-0.009999999999999998,4.589354838709677,3.4179181771103018,2.091541760329152,4.7239130434782615,8.681547148891665,1.703692940493609,-0.3952530108418037,1,5,0,0,0,0,1,0
2006-04,0.8399999999999999,0.10157894736842105,4.790333333333334,3.613835828600931,2.1816142662632876,4.990526315789474,8.46691608399017,1.6274586663381525,-0.4323037569526908,0,5,0,0,0,0,0,0
2006-05,0.7999999999999998,0.14181818181818182,4.940322580645161,3.9772727272727293,2.1156664964513183,5.11,10.029204614030476,1.6407348939685076,-0.3349687864131483,0,5,0,0,0,0,0,0
2006-06,0.8900000000000006,-0.015454545454545453,4.991,4.1817243159525175,1.9803386251444621,5.106363636363636,14.823219590000498,1.7498725594804556,-0.3433884139041794,1,5,0,0,0,0,1,0
2006-07,0.9100000000000001,-0.031,5.235161290322581,4.104669061056954,2.251836527383766,5.0875,14.577406757019483,1.7956068257685596,-0.2428752863786085,1,5,0,0,0,0,1,0
2006-08,0.9100000000000001,-0.026956521739130435,5.2464516129032255,3.926568077511483,2.3669704568583194,4.8765217391304345,10.705675295374686,1.804405126510942,-0.2676285355924899,1,5,0,0,0,0,1,0
2006-09,0.9199999999999999,-0.05,5.254666666666666,2.012072434607637,4.2159275134967755,4.718999999999999,7.562990193454866,1.816555742070313,-0.3281126634218738,1,5,0,0,0,0,1,0
2006-10,0.9100000000000001,-0.06666666666666668,5.245161290322581,1.4063284781516971,2.8481025781383007,4.729047619047619,7.307643822667805,1.7122396586037132,-0.358542688603539,1,5,0,0,0,0,1,0
2006-11,0.8700000000000001,-0.14523809523809525,5.245666666666667,1.9687026754164672,1.6621660136106442,4.595238095238095,7.388663929287803,1.7008695785119523,-0.3275049189864083,1,5,0,0,0,0,1,0
2006-12,0.8999999999999995,-0.10900000000000001,5.2380645161290325,2.5239777889954462,2.1707334984272686,4.5645,7.86779336095655,1.5890978284489394,-0.4625630726458247,1,5,0,0,0,0,1,0
2007-01,0.9399999999999995,-0.11666666666666667,5.248387096774193,2.075765178123423,1.6646656462990128,4.7595238095238095,6.62012055607674,1.4951865175440908,-0.5232141497625686,1,5,0,0,0,0,1,0
2007-02,0.8900000000000006,-0.12631578947368421,5.258928571428571,2.420260782347028,2.5793632616832207,4.722631578947369,8.300012025469169,1.5323029579448273,-0.5181167841078642,1,5,0,0,0,0,1,0
2007-03,0.9699999999999998,-0.009090909090909092,5.256774193548387,2.798197295943927,2.5308035115800154,4.5645454545454545,16.30952179738134,1.5917297287864896,-0.3297003469766943,1,5,0,0,0,0,1,0
2007-04,0.9199999999999999,0.027619047619047623,5.249666666666667,2.5929247633283525,2.9076019270608766,4.6938095238095245,9.884016353480714,1.562129081402342,-0.332481155832621,0,5,0,0,0,0,0,0
2007-05,0.9199999999999999,-0.02,5.2535483870967745,2.709885742672613,2.9798485426711263,4.746363636363636,8.687463197633413,1.471194593637376,-0.5641787988199083,1,5,0,0,0,0,1,0
2007-06,0.9100000000000001,0.12238095238095237,5.2540000000000004,2.692765113974227,2.7140344521729087,5.102857142857142,12.037143328644584,1.633249752242368,-0.3541319575206672,0,0,0,0,0,0,0,0
2007-07,0.9199999999999999,0.18523809523809526,5.258387096774193,2.3178905864958077,2.6434417747193573,5.0042857142857144,13.717585501157503,2.1365167025746694,0.0561206155606677,0,0,0,0,0,0,0,0
2007-08,0.8600000000000003,0.3617391304347826,5.022258064516129,1.897448478900876,2.3917510021752353,4.674782608695652,22.933380212766554,2.2850340752048672,0.161838420347566,0,0,0,0,0,0,0,0
2007-09,0.8499999999999996,0.51,4.938,2.8338264299802685,2.7901202497425004,4.521578947368421,19.97031929540487,2.2533671596213987,0.0949446587323272,0,0,0,0,0,0,0,0
2007-10,0.8200000000000003,0.56,4.755483870967741,3.610698365527476,2.6179282370540014,4.527727272727272,13.327215616937211,2.1881437218423065,0.0138128491154558,0,0,0,0,0,0,0,0
2007-11,0.96,0.8119999999999999,4.486666666666666,4.373267326732666,3.2087670061424323,4.1485,21.568750495901494,2.76134197117763,0.3620395661352011,0,0,0,0,0,0,0,0
2007-12,1.1600000000000001,0.9804999999999999,4.244516129032259,4.108813392417532,2.2029778334589523,4.0975,22.575575172431883,2.847961743494156,0.5205221317218305,0,0,0,0,0,0,0,0
2008-01,1.21,1.2685714285714287,3.9403225806451614,4.294695655165981,2.4141930753466267,3.744285714285714,20.589759968861873,3.2658149715291525,0.738669985763269,0,0,0,0,0,0,0,0
2008-02,1.29,1.7645,2.9806896551724136,4.142959270611968,1.0602796518591306,3.7375,22.631741918185583,3.5365947591714133,0.9504176209190832,0,0,0,0,0,0,0,0
2008-03,1.38,1.893,2.6103225806451613,3.9749035501344343,0.5734255066876637,3.5100000000000002,24.404121219741516,3.7711590157616417,1.1720220559830974,0,0,0,0,0,0,0,0
2008-04,1.42,1.627727272727273,2.2783333333333333,3.9037609759888126,-0.7427676334748168,3.675,24.23880919291921,3.267143026048855,0.6800037983739418,0,0,0,0,0,0,0,0
2008-05,1.3599999999999994,1.4342857142857142,1.9783870967741934,4.088413823123993,-1.4383086308347726,3.8800000000000003,14.688284226697222,3.110440973125883,0.6907574757486117,0,0,0,0,0,0,0,0
2008-06,1.3900000000000006,1.3257142857142856,2.001,4.935966105947864,-1.724935725071297,4.099523809523809,17.40005798359635,3.4359653824443845,0.8302616230899336,0,0,0,0,0,0,0,0
2008-07,1.4900000000000002,1.4345454545454546,2.009677419354839,5.497512078341837,-1.9585471027037116,4.007727272727273,20.488220922329052,3.669490580340298,1.084415210491442,0,0,0,0,0,0,0,0
2008-08,1.5100000000000007,1.4652380952380952,1.996451612903226,5.308017162091239,-3.6832804845724265,3.8857142857142852,23.18652430854376,3.776027124551635,1.234222276264617,0,0,0,0,0,0,0,0
2008-09,1.6599999999999993,1.61,1.8116666666666668,4.953319875136075,-8.130031129578574,3.6861904761904762,31.994555846165834,4.7761317537836,1.7833618092750276,0,0,0,0,0,0,0,0
2008-10,2.6000000000000005,2.2018181818181817,0.9693548387096774,3.7310578899565128,-6.954317961916079,3.814090909090909,72.38879248650633,7.138029770412556,3.406488859823379,0,0,0,0,0,0,0,0
2008-11,3.0900000000000007,2.3138888888888887,0.3876666666666667,1.0999174706166848,-8.669827230747885,3.526666666666667,74.96100368844289,7.844395345971491,3.139830765816286,0,0,0,0,0,0,0,0
2008-12,3.38,1.5954545454545455,0.15516129032258064,-0.02222800255385904,-11.276192783181926,2.4163636363636365,65.45334637804143,7.660285079980124,3.334702612146696,0,0,0,0,0,0,0,0
2009-01,3.0900000000000007,1.7105000000000001,0.15419354838709678,-0.11358601902212717,-13.374567704176643,2.5175,34.42883748423455,6.388291569059764,2.813010537407477,0,0,0,0,0,0,0,0
2009-02,2.8100000000000005,1.894736842105263,0.22214285714285714,0.008463140671510772,-13.562730377303279,2.87,38.3467413385697,6.198652059657287,3.1946913630787117,0,0,0,0,0,0,0,0
2009-03,2.92,1.8881818181818182,0.18064516129032257,-0.4464787676623838,-14.656035046526473,2.819545454545455,44.56760179861511,6.316331773799217,2.7706106834031736,0,0,0,0,0,0,0,0
2009-04,3.000000000000001,2.0,0.15033333333333332,-0.5763244243767063,-14.81395936696125,2.927142857142857,38.5735541786899,5.42293669335514,2.266537397086212,0,0,0,0,0,0,0,0
2009-05,2.5200000000000005,2.3635,0.1774193548387097,-1.015761495855172,-15.160361194166793,3.293,28.83891474542856,4.811100623482517,1.3742620904998328,0,0,0,0,0,0,0,0
2009-06,1.8899999999999997,2.5377272727272726,0.20633333333333334,-1.2291746182109153,-15.282480369076357,3.7218181818181817,23.78372221513085,4.171172307299493,0.9365189882987708,0,0,0,0,0,0,0,0
2009-07,1.6799999999999997,2.5431818181818184,0.15580645161290324,-1.9587610037622771,-14.018720654921957,3.5622727272727275,21.93865823002243,3.557523334059841,0.3318699712135999,0,0,0,0,0,0,0,0
2009-08,1.3200000000000003,2.4719047619047623,0.16032258064516128,-1.4838355663267633,-11.689299172061052,3.587142857142857,16.197527347969086,3.3379648422287085,0.0662163277987657,0,0,0,0,0,0,0,0
2009-09,1.1799999999999997,2.4457142857142857,0.14666666666666667,-1.377942862886472,-6.805879122929537,3.401904761904762,15.92094719704235,2.977804360302778,0.0672864641616941,0,0,0,0,0,0,0,0
2009-10,1.1399999999999997,2.4385714285714286,0.11806451612903227,-0.22396829420033848,-7.474512230012276,3.3876190476190478,17.08156750728843,2.861571860124334,-0.1349001990105298,0,0,0,0,0,0,0,0
2009-11,1.13,2.599473684210526,0.119,1.9145871744709275,-5.83001235670767,3.4026315789473687,20.493524741812596,2.8559688695180903,0.005541837872601,0,0,0,0,0,0,0,0
2009-12,1.1100000000000003,2.7154545454545453,0.11806451612903227,2.8141231232083674,-2.704223119324234,3.5900000000000003,13.226309203849938,2.421946275380708,-0.4761339524053158,0,0,0,0,0,0,0,0
2010-01,0.9900000000000002,2.8042105263157895,0.11,2.6211113889767157,0.87230439200634,3.7331578947368427,12.382629972690648,2.410360176256397,-0.1855446885841019,0,0,0,0,0,0,0,0
2010-02,0.9900000000000002,2.8342105263157897,0.12642857142857142,2.151336357866529,1.8708182344855606,3.691052631578947,19.109055917355192,2.4455255383742776,0.0130725450874438,0,0,0,0,0,0,0,0
2010-03,1.0,2.7686956521739132,0.16451612903225807,2.2861714393279886,4.200672107537207,3.7273913043478264,10.815181441179623,2.2364101938903507,-0.1458477864705281,0,0,0,0,0,0,0,0
2010-04,0.96,2.786363636363636,0.19833333333333333,2.2067707525304403,5.4282103558062955,3.8468181818181817,9.330397322192217,2.127524136146861,-0.2612961835496774,0,0,0,0,0,0,0,0
2010-05,1.0899999999999999,2.5895,0.2006451612903226,2.003548929218568,7.942609605426321,3.4200000000000004,26.031396806996973,2.5867768470184918,-0.1173940197331004,0,0,0,0,0,0,0,0
2010-06,1.3500000000000005,2.4795454545454545,0.17666666666666667,1.1215605940686268,8.551328146848402,3.2040909090909087,29.24721812000489,2.718864675306113,0.0633069910586701,0,0,0,0,0,0,0,0
2010-07,1.29,2.394761904761905,0.18258064516129033,1.3407784804821077,7.747013804699288,3.0114285714285716,22.27463695629742,2.5588452581188297,0.1975359778651735,0,0,0,0,0,0,0,0
2010-08,1.17,2.178181818181818,0.18935483870967743,1.1501775395112546,6.968742858593813,2.6986363636363637,18.322447686714675,2.706907948356212,-0.2635571170399502,0,0,0,0,0,0,0,0
2010-09,1.13,2.1676190476190476,0.19466666666666665,1.1183122472331775,6.346682104150392,2.6476190476190475,18.101438257157366,2.5461071749243747,0.0241676250448299,0,0,0,0,0,0,0,0
2010-10,1.04,2.164,0.19129032258064516,1.1666951489314625,5.760258506490601,2.54,12.955035648582493,2.418150617181132,0.0267207916680591,0,0,0,0,0,0,0,0
2010-11,1.0499999999999998,2.309,0.19433333333333333,1.084544776600338,5.39500875348351,2.763,12.042797255448276,2.4216672443642424,-0.1048802769298613,0,0,0,0,0,0,0,0
2010-12,1.08,2.6727272727272724,0.1832258064516129,1.437793022217937,5.996200467756596,3.290909090909091,13.184401572764413,2.231902166392352,-0.3899710593789738,0,0,0,0,0,0,0,0
2011-01,1.0499999999999998,2.7794999999999996,0.16838709677419356,1.7007834915029774,4.632504538708293,3.3939999999999997,6.90428121558981,2.12096919047592,0.0095193463385152,0,0,0,0,0,0,0,0
2011-02,0.9300000000000006,2.803684210526316,0.15678571428571428,2.124898173333145,3.827364378514675,3.5763157894736843,11.502349067511778,2.011119557708599,-0.2451462320605846,0,0,0,0,0,0,0,0
2011-03,0.9000000000000004,2.7169565217391307,0.13870967741935483,2.619241510354109,4.193025357503588,3.4143478260869564,15.720197699264578,1.977927331630352,-0.2877155209186928,0,0,0,0,0,0,0,0
2011-04,0.8599999999999994,2.7205000000000004,0.098,3.0772344447868694,3.505332834432129,3.4549999999999996,11.001456648053336,1.9900403206658832,-0.2350998145303038,0,0,0,0,0,0,0,0
2011-05,0.8200000000000003,2.6133333333333333,0.09387096774193548,3.4589718808964998,2.248891889831528,3.168571428571429,10.249422528810308,2.0755319196162487,-0.1061905838842021,0,0,0,0,0,0,0,0
2011-06,0.7599999999999998,2.591818181818182,0.09200000000000001,3.5023181506360412,2.3688810428642126,3.002272727272727,14.582438632525891,2.16296703659615,0.0101868449653435,0,0,0,0,0,0,0,0
2011-07,0.8300000000000001,2.5965,0.07096774193548387,3.5798809769996165,2.484132372991299,3.003,15.273123130378465,2.230047560528791,-0.0306830103303354,0,0,0,0,0,0,0,0
2011-08,0.9900000000000002,2.072608695652174,0.09580645161290323,3.75499603070808,2.7992943499441703,2.3030434782608693,38.684366411762696,2.833728165825183,-0.070156101317083,0,0,0,0,0,0,0,0
2011-09,1.1799999999999997,1.7638095238095237,0.084,3.812621692818685,2.4123837996766095,1.975238095238095,33.23754533529063,3.119604705232815,0.4668857355901603,0,0,0,0,0,0,0,0
2011-10,1.3900000000000001,1.8715,0.0706451612903226,3.5222681306640524,3.4162150732061747,2.152,30.2303809879654,2.811555805412423,-0.0639486659081396,0,0,0,0,0,0,0,0
2011-11,1.2699999999999996,1.7600000000000002,0.081,3.451432214581729,3.3174195787687877,2.0134999999999996,29.191264213881567,2.9969737428104626,0.5333106484578698,0,0,0,0,0,0,0,0
2011-12,1.3199999999999998,1.720952380952381,0.07161290322580646,3.062066838419386,2.859134467066693,1.9780952380952381,25.995390741338333,2.887846248209311,0.3135901269954928,0,0,0,0,0,0,0,0
2012-01,1.3800000000000003,1.7260000000000002,0.08193548387096775,3.0087663379855023,3.6910016324102957,1.9665,14.322070894753614,2.7676881241976568,0.2201936510435782,0,0,0,0,0,0,0,0
2012-02,1.2899999999999996,1.6895,0.10379310344827586,2.8981784423473878,4.439148449901298,1.9675,8.488521887570993,2.520186964460113,0.0946686805661389,0,0,0,0,0,0,0,0
2012-03,1.2400000000000002,1.8281818181818181,0.1267741935483871,2.5828752813320977,2.8286925428470555,2.1727272727272724,10.369581892585382,2.4474592279630736,-0.3110626552554412,0,0,0,0,0,0,0,0
2012-04,1.2300000000000004,1.7609523809523808,0.13933333333333334,2.2731633741348567,3.9040297563633697,2.052857142857143,13.123713772178874,2.538137915788065,-0.1266729823128427,0,0,0,0,0,0,0,0
2012-05,1.2700000000000005,1.518181818181818,0.15580645161290324,1.7379429374660749,4.0185114178595605,1.8031818181818182,12.942547476893346,2.8088297117930634,-0.0430859807553098,0,0,0,0,0,0,0,0
2012-06,1.3799999999999994,1.3304761904761906,0.16166666666666668,1.653870448297634,3.7105509068513065,1.6223809523809525,17.66321770509251,2.76033544169666,0.2029162025101807,0,0,0,0,0,0,0,0
2012-07,1.4700000000000002,1.2785714285714287,0.15645161290322582,1.4175114798464783,3.418677881567289,1.5266666666666668,16.49417370129001,2.6123006565514704,0.0350219397207207,0,0,0,0,0,0,0,0
2012-08,1.4300000000000002,1.4095652173913045,0.13225806451612904,1.6859349154821235,2.285596731143258,1.6782608695652175,12.453845635485285,2.53890200694308,-0.1687366714233138,0,0,0,0,0,0,0,0
2012-09,1.3499999999999996,1.4678947368421054,0.14433333333333334,1.9497168982819613,2.2951570495009843,1.7231578947368422,10.032431195724582,2.4161729285678466,-0.1168834694613822,0,0,0,0,0,0,0,0
2012-10,1.1099999999999999,1.469047619047619,0.15838709677419355,2.1556780595369363,1.9430024786973865,1.7461904761904763,10.250153798891073,2.255822917817379,-0.1494284513584158,0,0,0,0,0,0,0,0
2012-11,1.0099999999999998,1.386,0.16066666666666668,1.7960197033926262,2.3257536633332743,1.654,14.39148792778246,2.350731439229929,-0.0184354748758073,0,0,0,0,0,0,0,0
2012-12,0.98,1.462,0.16451612903225807,1.7595049796895523,2.0268355938483085,1.719,11.194037363722183,2.247295300257864,-0.1359401363098036,0,0,0,0,0,0,0,0
2013-01,0.9300000000000006,1.6495238095238096,0.14258064516129032,1.684061762098299,1.4467904237824847,1.9147619047619049,13.194204991886155,2.12741943175995,-0.0654649348459677,0,0,0,0,0,0,0,0
2013-02,0.9499999999999997,1.7168421052631577,0.14500000000000002,2.0181404902574807,1.5945538776370727,1.9842105263157896,8.9835318134349,2.174290532518122,-0.0004775137106975969,0,0,0,0,0,0,0,0
2013-03,0.9199999999999995,1.7015,0.1435483870967742,1.5187472411246183,2.534732272069462,1.9575,10.998521509040003,2.150776411008801,-0.0666062708250314,0,0,0,0,0,0,0,0
2013-04,0.8599999999999999,1.526818181818182,0.145,1.138808047576867,1.7145631127746475,1.7590909090909093,11.662454311025199,2.0909162609731275,-0.0929776272273246,0,0,0,0,0,0,0,0
2013-05,0.8400000000000003,1.6777272727272725,0.10903225806451612,1.3903888279197085,1.5594777439077445,1.9281818181818182,11.609442026232006,2.0012292470305635,-0.4739891238520664,0,0,0,0,0,0,0,0
2013-06,0.9200000000000008,1.9665,0.09366666666666666,1.7157935271568725,1.7645800035426706,2.3,13.984145099338662,2.1764912515128536,-0.3419577346686839,0,0,0,0,0,0,0,0
2013-07,0.9800000000000004,2.2413636363636367,0.09258064516129033,1.885471805415806,1.2364196654177428,2.5822727272727275,12.733930821514456,2.0514787645243766,0.0062884414837598,0,0,0,0,0,0,0,0
2013-08,0.8799999999999999,2.380909090909091,0.08290322580645161,1.538809488600279,2.2593571227008002,2.7372727272727273,8.272942919341,2.023707017181413,-0.1104311810148592,0,0,0,0,0,0,0,0
2013-09,0.8300000000000001,2.4055,0.08,1.0947341081747997,2.854766330187619,2.8095,9.979763502546088,2.0944296946921708,-0.1181770131431867,0,0,0,0,0,0,0,0
2013-10,0.7799999999999994,2.2804545454545457,0.08709677419354839,0.8767991434911471,2.4178437626957816,2.6159090909090907,11.910555406675714,1.998575804444788,-0.0200988144950928,0,0,0,0,0,0,0,0
2013-11,0.75,2.4147368421052633,0.08433333333333333,1.2328701961954458,2.281966236973343,2.718421052631579,9.959878358112668,1.9520909285989307,0.0204273453025705,0,0,0,0,0,0,0,0
2013-12,0.7599999999999998,2.5619047619047617,0.08516129032258064,1.5128383667573297,2.245344069429267,2.901904761904762,8.90158111294794,1.7975490277920327,-0.1379764454744751,0,0,0,0,0,0,0,0
2014-01,0.7000000000000002,2.4642857142857144,0.07161290322580646,1.557758795574915,1.8566277042981971,2.858095238095238,10.111213678239253,1.8548803562631493,-0.2935498098946665,0,0,0,0,0,0,0,0
2014-02,0.6499999999999995,2.382631578947368,0.06642857142857143,1.1204746347724948,2.148610089064018,2.709473684210526,15.27204265205536,1.7555857707019369,-0.1918707743899199,0,0,0,0,0,0,0,0
2014-03,0.6799999999999997,2.3242857142857143,0.07806451612903226,1.6126949139408042,2.724108069090181,2.723333333333333,9.941371213461329,1.7056108603896605,-0.263100340276357,0,0,0,0,0,0,0,0
2014-04,0.6600000000000001,2.288095238095238,0.09033333333333333,2.015125303606169,2.9123215934373725,2.705238095238095,12.318234178933531,1.6496864261208846,-0.3456781248328966,0,0,0,0,0,0,0,0
2014-05,0.5999999999999996,2.17,0.08709677419354837,2.166947687079812,3.226027611336124,2.559047619047619,9.618497608830912,1.6479140874895015,-0.361297620267019,0,0,0,0,0,0,0,0
2014-06,0.5499999999999998,2.146190476190476,0.09566666666666666,2.0589816945944195,3.365841732090935,2.5985714285714288,6.732352006070319,1.61700846123496,-0.2979765851264297,0,0,0,0,0,0,0,0
2014-07,0.5700000000000003,2.0359090909090907,0.09096774193548386,1.9742378703305974,3.9177888079901857,2.5422727272727275,7.475544051234596,1.674983802862948,-0.3128449773728436,0,0,0,0,0,0,0,0
2014-08,0.6100000000000003,1.9476190476190476,0.08806451612903225,1.7150983482969062,3.1253041765382905,2.42,10.959920909601246,1.6716660913902734,-0.3067517082472906,0,0,0,0,0,0,0,0
2014-09,0.6899999999999995,1.9676190476190476,0.08833333333333333,1.6840509711232077,2.89843352202952,2.5342857142857143,6.858795143132139,1.821713371081933,-0.2113475374333833,0,0,0,0,0,0,0,0
2014-10,0.7700000000000005,1.8586363636363636,0.08903225806451612,1.6095417021513292,2.9919466037849007,2.304090909090909,15.911422689687974,1.9238379707890088,-0.2099225622589224,0,0,0,0,0,0,0,0
2014-11,0.8700000000000001,1.7983333333333331,0.09200000000000001,1.231524989320798,3.3861066751199598,2.3255555555555554,10.857551279411188,2.0873071283524887,0.0660079595724929,0,0,0,0,0,0,0,0
2014-12,0.9500000000000002,1.5718181818181818,0.12258064516129032,0.6531213919623191,3.170492700276073,2.2072727272727275,10.692214960411418,2.1789462623808906,0.0851296088063899,0,0,0,0,0,0,0,0
2015-01,0.9900000000000002,1.33,0.11483870967741935,-0.22993097820542818,2.7262407410550527,1.8815000000000002,16.490037192092217,2.2573650196858748,-0.0395679227085121,0,0,0,0,0,0,0,0
2015-02,0.8999999999999999,1.3563157894736841,0.11071428571428572,-0.08703146293520536,1.30473816054415,1.9752631578947368,14.885827331902329,2.0129841359402225,-0.2914857812525979,0,0,0,0,0,0,0,0
2015-03,0.8999999999999999,1.4022727272727273,0.11290322580645161,-0.022031284423873476,-0.0027479483621140055,2.0427272727272725,11.504805548423711,2.123485207733539,-0.1293980414033307,0,0,0,0,0,0,0,0
2015-04,0.9600000000000004,1.395,0.12466666666666668,-0.10403098939391064,-0.6444572558062966,1.935,11.348871401983791,2.093875395082644,0.0087987913850939,0,0,0,0,0,0,0,0
2015-05,0.9099999999999997,1.5885,0.12322580645161291,0.03503321824429584,-1.460487812501221,2.1975000000000002,10.448346685006827,2.100065928324434,0.0550829051367416,0,0,0,0,0,0,0,0
2015-06,0.9399999999999995,1.675,0.129,0.1795718097550525,-2.106390227283794,2.3636363636363638,9.522236612239512,2.2186723027722204,0.152427386357878,0,0,0,0,0,0,0,0
2015-07,1.0499999999999998,1.656818181818182,0.13032258064516128,0.22568611104094582,-1.6903126553953207,2.3245454545454547,12.684136992392997,2.3525915555246084,0.2143293295878594,0,0,0,0,0,0,0,0
2015-08,1.1500000000000004,1.4695238095238095,0.13806451612903226,0.2413037985344868,-1.6854337113987983,2.1671428571428573,14.91873975652269,2.46528808446267,0.4031307366011747,0,0,0,0,0,0,0,0
2015-09,1.2699999999999996,1.4595238095238094,0.136,0.008842961634170088,-2.2407414414912674,2.172857142857143,28.47657362104972,2.679080027043383,0.5426316124411903,0,0,0,0,0,0,0,0
2015-10,1.3899999999999997,1.4252380952380952,0.1235483870967742,0.12761656067050708,-2.72506606749946,2.07,16.875158372890727,2.453369279631448,0.4283977263920789,0,0,0,0,0,0,0,0
2015-11,1.4000000000000004,1.378421052631579,0.11766666666666666,0.4363182169185187,-4.033068306068888,2.263157894736842,12.423075992755326,2.5098478472125523,0.5150442166211735,0,0,0,0,0,0,0,0
2015-12,1.4899999999999998,1.26,0.24064516129032257,0.6387247515364791,-4.496144811599123,2.2427272727272727,16.249328060255717,2.721247378282408,0.6845607837459564,0,0,0,0,0,0,0,0
2016-01,1.4500000000000002,1.1857894736842105,0.3429032258064516,1.2375025026943876,-3.236256019749162,2.0852631578947367,19.91444451420899,3.1128751750469603,0.92312716828819,0,0,0,0,0,0,0,0
2016-02,1.38,1.046,0.37517241379310345,0.8472775790126619,-3.1193297695960798,1.7795,22.057079353833245,3.128889557817826,0.9553685239767896,0,0,0,0,0,0,0,0
2016-03,1.31,1.014090909090909,0.362258064516129,0.8916160965521946,-3.515311400177057,1.8890909090909092,15.124893483954292,2.71276538527658,0.5886005843427551,0,0,0,0,0,0,0,0
2016-04,1.17,1.0371428571428571,0.3653333333333333,1.1726257503534843,-2.6579036961380753,1.805238095238095,9.967307876629894,2.436361233496931,0.2433774698444439,0,0,0,0,0,0,0,0
2016-05,1.0299999999999998,0.99,0.36516129032258066,1.0784764621246223,-2.448153056399993,1.8061904761904761,10.158997605319453,2.405362522681947,0.2563938391292319,0,0,0,0,0,0,0,0
2016-06,1.0300000000000002,0.9127272727272728,0.37766666666666665,1.0792865347959424,-1.678117946525337,1.6440909090909093,11.060078336740231,2.505618155831571,0.0675942819687129,0,0,0,0,0,0,0,0
2016-07,0.94,0.8314999999999999,0.3916129032258065,0.8683633430518256,-2.196738284260069,1.504,17.65620674823601,2.3113534675233507,0.0153010901923709,0,0,0,0,0,0,0,0
2016-08,0.9200000000000004,0.8191304347826087,0.3967741935483871,1.0553158595656864,-2.164263084601936,1.556521739130435,5.960608212642586,2.1162178410185297,-0.0133666256200744,0,0,0,0,0,0,0,0
2016-09,0.8999999999999995,0.8595238095238096,0.39633333333333337,1.5486446201652182,-1.9939516469206886,1.6304761904761906,11.00842708711813,2.107125839234614,-0.0669798215227541,0,0,0,0,0,0,0,0
2016-10,0.8700000000000001,0.9215,0.3964516129032258,1.685924966243646,-1.5023811304759715,1.7645,10.571207991523096,1.9125956865393368,-0.0667193532374763,0,0,0,0,0,0,0,0
2016-11,0.8500000000000001,1.1625,0.4066666666666666,1.6843334719788938,-1.1862778785850958,2.1420000000000003,9.765658851721165,1.8231231688420144,-0.7453761718955623,0,0,0,0,0,0,0,0
2016-12,0.7700000000000005,1.2952380952380953,0.54,2.0507989115119862,-0.02049641716570516,2.491904761904762,7.9631367081231925,1.6868946420168809,-0.2382517674045425,0,0,0,0,0,0,0,0
2017-01,0.7400000000000002,1.226,0.6496774193548387,2.5103933482571117,-0.8031281419274894,2.4325,6.965570820847516,1.644188769651249,-0.1905334822683582,0,0,0,0,0,0,0,0
2017-02,0.6899999999999995,1.2178947368421054,0.6567857142857143,2.8103616813294208,-0.6864591168616152,2.4189473684210525,5.825730975723474,1.5966505779991755,-0.176862575679886,0,0,0,0,0,0,0,0
2017-03,0.6699999999999999,1.168695652173913,0.7861290322580645,2.44119623655914,0.7162067590550603,2.4817391304347827,7.205306925128203,1.631957392009404,-0.1643227673945626,0,0,0,0,0,0,0,0
2017-04,0.7000000000000002,1.0563157894736843,0.896,2.176223471915395,1.3993011097695573,2.2973684210526315,6.725875931989834,1.6198128427609015,-0.111597013343845,0,0,0,0,0,0,0,0
2017-05,0.6999999999999997,1.0018181818181817,0.9074193548387097,1.8563431667619756,1.7500792534729248,2.3036363636363637,7.481498432052319,1.5849161310704296,-0.158760088714539,0,0,0,0,0,0,0,0
2017-06,0.69,0.8445454545454546,1.04,1.640565809959127,1.4803308546539107,2.186818181818182,7.131053227267765,1.5639624105368584,-0.1173400938846274,0,0,0,0,0,0,0,0
2017-07,0.6899999999999995,0.9455,1.1506451612903223,1.7251073506566073,1.1187969195710634,2.318,7.593839748231083,1.5088501709160551,-0.1414045857906336,0,0,0,0,0,0,0,0
2017-08,0.6799999999999997,0.8739130434782609,1.1570967741935483,1.92812155729698,0.8523014668689877,2.2091304347826086,7.251596175904639,1.6233567580542243,-0.0720729953333645,0,0,0,0,0,0,0,0
2017-09,0.6699999999999999,0.8175000000000001,1.153333333333333,2.1805652303711787,1.0630336308315114,2.202,7.742034997005225,1.508109361545782,-0.2515741106544609,0,0,0,0,0,0,0,0
2017-10,0.7200000000000002,0.8104761904761905,1.1538709677419354,2.020757753132485,2.2919955326540453,2.3600000000000003,4.208776688347757,1.4369356400155844,-0.207535622636644,0,0,0,0,0,0,0,0
2017-11,0.6999999999999997,0.6566666666666666,1.157,2.172493864295566,2.9662701539719283,2.3533333333333335,5.263183000525161,1.4518253597023092,-0.1250607044395149,0,0,0,0,0,0,0,0
2017-12,0.71,0.5585,1.3016129032258066,2.129930719552253,2.467143465957866,2.4025,6.527393883407909,1.41158219166317,-0.1904609937068024,0,0,0,0,0,0,0,0
2018-01,0.71,0.5519047619047619,1.414516129032258,2.151318868063945,2.7352874765469437,2.583809523809524,6.847273900412316,1.276795388231348,-0.3963510245287966,0,0,0,0,0,0,0,0
2018-02,0.69,0.6836842105263158,1.4175,2.263468931091861,3.3994953469032696,2.8589473684210525,22.744255712514484,1.3748957629406329,-0.2399852613129982,0,0,0,0,0,0,0,0
2018-03,0.7699999999999996,0.5666666666666667,1.5061290322580645,2.3309497646499366,3.224806264183644,2.8423809523809522,19.084758057847985,1.5364804319763146,-0.0993526781441216,0,0,0,0,0,0,0,0
2018-04,0.8199999999999998,0.4847619047619047,1.6923333333333332,2.4709963021052994,3.309758614070435,2.869047619047619,21.570980690004994,1.4496385622868986,-0.2806443625086705,0,0,0,0,0,0,0,0
2018-05,0.8300000000000001,0.4659090909090909,1.7,2.781921607842497,2.2584201444366236,2.977727272727273,11.560295191125855,1.535331486863481,-0.1922635803173966,0,0,0,0,0,0,0,0
2018-06,0.8700000000000001,0.379047619047619,1.8196666666666665,2.8075506935940187,2.8410387544831828,2.9123809523809525,9.651005155453216,1.62195147873376,0.0300603479212051,0,0,0,0,0,0,0,0
2018-07,0.9199999999999999,0.28238095238095234,1.91,2.854124785561929,3.2543243815604805,2.889047619047619,9.164292385180703,1.487674482682534,-0.1231129240058568,0,0,0,0,0,0,0,0
2018-08,0.8899999999999997,0.2534782608695652,1.9148387096774193,2.6429238568742575,4.353587280888749,2.889130434782609,7.587540738010476,1.522980810235979,-0.0919007474187174,0,0,0,0,0,0,0,0
2018-09,0.8999999999999999,0.23631578947368423,1.9546666666666668,2.332055105808828,4.313826088176409,3.004210526315789,6.471363947686913,1.4314502632932729,-0.173156301356792,0,0,0,0,0,0,0,0
2018-10,0.9300000000000006,0.2913636363636364,2.187741935483871,2.492032470218053,2.930867401734427,3.152272727272727,14.665589473104964,1.583475549206519,0.0066174126589657,0,0,0,0,0,0,0,0
2018-11,1.0,0.258,2.197666666666667,2.147328577667773,2.7666629800210174,3.117,21.576271585511286,1.7892943450416232,0.1517908103259444,0,0,0,0,0,0,0,0
2018-12,1.1100000000000003,0.1563157894736842,2.274193548387097,2.0023809043401064,2.5912536810940523,2.8326315789473684,23.57694435530423,2.076983875361502,0.3534586678370419,0,0,0,0,0,0,0,0
2019-01,1.19,0.17047619047619048,2.4,1.4875893578291333,1.9116422323518512,2.713809523809524,26.759047586291846,1.8296979501071595,0.1921795952115765,0,0,0,0,0,0,0,0
2019-02,1.1600000000000001,0.17210526315789473,2.4,1.5188615351321877,1.1096417703535089,2.6763157894736844,11.718043798554595,1.648023567273897,0.0827541477651609,0,0,0,0,0,0,0,0
2019-03,1.0699999999999998,0.16142857142857142,2.4051612903225807,1.8831863513063984,0.6545559146318158,2.570952380952381,9.578440218410467,1.678767831675078,-0.1078713264272606,0,0,0,0,0,0,0,0
2019-04,1.0100000000000002,0.18761904761904763,2.423666666666667,2.000583470209061,-1.0247462328067725,2.532380952380952,9.620202904308812,1.5787228532921278,0.0125843744084148,0,0,0,0,0,0,0,0
2019-05,0.96,0.18863636363636366,2.390967741935484,1.7959105553606136,-0.010156011968476264,2.395,11.330488023695084,1.8163662753635728,-0.0023717189906176,0,0,0,0,0,0,0,0
2019-06,1.04,0.26,2.377666666666667,1.671194894390049,-0.7369328862962377,2.074,13.774561717593508,1.6896810147684789,0.025444233911982,0,0,0,0,0,0,0,0
2019-07,0.9900000000000002,0.2240909090909091,2.4029032258064515,1.826331335037068,-1.3774541767684445,2.059090909090909,8.00626702154567,1.630709798134868,-0.0291171174754567,0,0,0,0,0,0,0,0
2019-08,0.8900000000000001,0.055,2.1258064516129034,1.7376412106666406,-1.3396749291328724,1.6263636363636365,18.485075526345987,1.8082417618389148,-0.1446974970814312,0,0,0,0,0,0,0,0
2019-09,0.8800000000000003,0.051500000000000004,2.043,1.6844977040391562,-1.7374573008364869,1.6995,15.396478628186227,1.727684102858904,-0.2231899097087639,0,0,0,0,0,0,0,0
2019-10,0.9100000000000001,0.15545454545454546,1.8296774193548386,1.7339736996186295,-2.4594751580988228,1.7068181818181818,12.90790017704398,1.7055084869357,-0.2185668632559241,0,0,0,0,0,0,0,0
2019-11,0.8799999999999999,0.19947368421052633,1.5533333333333335,2.092290394862917,-2.047601522464615,1.8121052631578947,6.529140951652673,1.6393877480465997,-0.162747281690873,0,0,0,0,0,0,0,0
2019-12,0.8700000000000001,0.24952380952380954,1.550967741935484,2.3195274699624457,-2.2991807373363926,1.8628571428571428,7.442027058226824,1.48770080461116,-0.2734806337619093,0,0,0,0,0,0,0,0
2020-01,0.8300000000000001,0.23857142857142857,1.5506451612903225,2.599767976845202,-2.290379015513233,1.7576190476190479,7.85103988201993,1.6649238906599395,-0.2357198485116818,0,0,0,0,0,0,0,0
2020-02,0.8300000000000001,0.1731578947368421,1.5831034482758621,2.3413166797595197,-1.4232217750208775,1.5042105263157897,15.231694044080891,1.985197893932558,-0.1467769154314353,0,0,0,0,0,0,0,0
2020-03,1.27,0.42181818181818187,0.6522580645161291,1.4940399642909163,-5.315054964389065,0.87,68.26660161754691,3.821601559476067,1.1948746281660694,0,0,0,0,0,0,0,0
2020-04,1.6999999999999997,0.43285714285714283,0.049,0.3130472940411133,-17.318282261376304,0.6576190476190477,68.62842881989724,2.885220268986319,0.6551000355347831,0,0,0,0,0,0,0,0
2020-05,1.4500000000000002,0.5035000000000001,0.05,0.1982013035848551,-16.047738104539413,0.674,28.511031671919056,2.523248659135445,0.4121134322418598,0,0,0,0,0,0,0,0
2020-06,1.2000000000000002,0.5436363636363637,0.07766666666666668,0.7166562831830481,-10.586064673581452,0.7286363636363636,25.7292980044889,2.32720257004988,0.0571787688975136,0,0,0,0,0,0,0,0
2020-07,1.17,0.4754545454545455,0.09258064516129033,0.9968647625897997,-6.783544959427434,0.6236363636363637,21.45356457925728,2.034657093281936,-0.1564682089098608,0,0,0,0,0,0,0,0
2020-08,1.02,0.5104761904761905,0.09516129032258065,1.2810698495523853,-6.512241935326724,0.65,10.55205051286783,1.9389504967839983,-0.2807548060317308,0,0,0,0,0,0,0,0
2020-09,1.0499999999999998,0.5447619047619048,0.09,1.3910228912373812,-6.183101854793705,0.6795238095238095,20.49831552596776,2.0547879103824718,0.0056370256513762,0,0,0,0,0,0,0,0
2020-10,1.0899999999999999,0.6376190476190476,0.09,1.2303863428671624,-4.622683457542831,0.7871428571428571,19.912411603452913,1.9313057458511995,-0.2035808188476305,0,0,0,0,0,0,0,0
2020-11,1.0,0.7042105263157895,0.08633333333333333,1.1757452138405844,-4.763324870606622,0.8700000000000001,21.68904538010609,1.6735373877406812,-0.4608944558539309,0,0,0,0,0,0,0,0
2020-12,0.9000000000000004,0.7977272727272727,0.09,1.3204191315779434,-3.28150457766595,0.9336363636363636,11.43264885635627,1.4896297537846388,-0.4920282974181855,0,0,0,0,0,0,0,0
2021-01,0.79,0.9500000000000001,0.08516129032258064,1.3738437137002402,-2.1295843569181794,1.0810526315789473,11.47071253352278,1.448576758916245,-0.6465549774158394,0,0,0,0,0,0,0,0
2021-02,0.7199999999999998,1.1426315789473684,0.07571428571428572,1.6698167791706853,-5.680577271180343,1.2578947368421052,16.430894827724998,1.393054352541517,-0.9443835884955868,0,0,0,0,0,0,0,0
2021-03,0.7000000000000002,1.463913043478261,0.06967741935483872,2.6678187820641908,1.0038210492383515,1.6108695652173912,17.588803788409585,1.3310698499843054,-0.7392775649083787,0,0,0,0,0,0,0,0
2021-04,0.7000000000000002,1.471818181818182,0.069,4.133077115360573,16.55213518144698,1.635,11.648038749384638,1.2693364790018504,-0.4809391990437386,0,0,0,0,0,0,0,0
2021-05,0.6600000000000001,1.466,0.05806451612903226,4.918257089467626,15.673379835366053,1.621,12.833926539575916,1.2615763511214366,-0.4167202575702695,0,0,0,0,0,0,0,0
2021-06,0.6499999999999999,1.3163636363636364,0.078,5.295632620349999,8.958396565691418,1.5190909090909093,10.192168335734715,1.183605750139321,-0.5812683298502275,0,0,0,0,0,0,0,0
2021-07,0.6700000000000004,1.099047619047619,0.09806451612903226,5.245169381309234,5.4998863464161385,1.3185714285714287,10.328488396768178,1.2500590214901708,-0.5522615512313216,0,0,0,0,0,0,0,0
2021-08,0.6900000000000004,1.0659090909090911,0.09225806451612903,5.152015301793966,4.261168528131454,1.2831818181818182,9.753680455766686,1.2450171976552442,-0.4755681375555496,0,0,0,0,0,0,0,0
2021-09,0.7000000000000002,1.1338095238095238,0.07933333333333333,5.351215590949132,3.0124970172007215,1.3747619047619049,9.502699426463046,1.191488554195545,-0.6446824741125627,0,0,0,0,0,0,0,0
2021-10,0.6699999999999999,1.19,0.07903225806451614,6.235042390298062,3.5628709708763973,1.5825,14.374577256813959,1.184966054192951,-0.5253751442600125,0,0,0,0,0,0,0,0
2021-11,0.6599999999999997,1.0515,0.07966666666666668,6.901970403700863,3.897545981936834,1.5595,8.197000630940769,1.334402217990005,-0.4506800750433195,0,0,0,0,0,0,0,0
2021-12,0.6499999999999999,0.785,0.07967741935483871,7.174340285065539,2.2463731281071153,1.4649999999999999,17.657153576960244,1.248144992485185,-0.4456057037340679,0,0,0,0,0,0,0,0
2022-01,0.6499999999999999,0.7835,0.07935483870967742,7.558805726967832,1.3181341030033655,1.764,15.52418727592331,1.3630109519745577,-0.3508759324184822,0,0,0,0,0,0,0,0
2022-02,0.7200000000000002,0.49894736842105264,0.08,7.937278766517819,5.429593086433182,1.9342105263157894,21.37502817320035,1.5259245167296325,-0.2163745853728471,0,0,0,0,0,0,0,0
2022-03,0.8599999999999999,0.21826086956521737,0.2009677419354839,8.572204966013853,3.0544104015221674,2.1278260869565218,24.1206375089102,1.4192381303537305,-0.8622425764352359,0,0,0,0,0,0,0,0
2022-04,0.9000000000000004,0.20950000000000002,0.33,8.231750770777225,2.923435475508507,2.7475,19.10726223892319,1.5937221912514916,-0.3231904320113459,0,0,0,0,0,0,0,0
2022-05,0.9900000000000002,0.2814285714285714,0.765483870967742,8.538171195642065,1.9110298059100916,2.8980952380952383,31.12378073508394,1.5858323174039348,-0.1256145062790974,0,0,0,0,0,0,0,0
2022-06,1.0299999999999994,0.14523809523809525,1.2049999999999998,8.979361103105798,1.2217594016755706,3.1433333333333335,29.969143633947045,1.94369508464484,0.0686578424322332,0,0,0,0,0,0,0,0
2022-07,1.1500000000000004,-0.13999999999999999,1.6758064516129034,8.462576727730099,0.968659945597028,2.896,23.93335829521608,1.7259337963128534,0.0105649308880906,1,6,0,0,0,0,0,1
2022-08,1.08,-0.3521739130434782,2.33,8.222579178218826,1.0521402147261716,2.8978260869565218,18.762674738805202,1.7201354379697995,-0.0328753986459224,1,6,0,0,0,0,0,1
2022-09,1.1000000000000005,-0.3376190476190476,2.555,8.192106896425821,2.462018715752601,3.5190476190476194,22.822578361205057,1.8801394429792373,0.0224290505607946,1,6,0,0,0,0,0,1
2022-10,1.1600000000000001,-0.3915,3.08,7.758813957693,1.0648183730078253,3.9835000000000003,27.805074596646506,1.6836392938453444,0.1018955156709213,1,6,0,0,0,0,0,1
2022-11,1.17,-0.6125,3.7800000000000002,7.122856456533988,0.08902953837490735,3.8909999999999996,27.28642902757577,1.5786589312339616,-0.2226410608604115,1,6,0,0,0,0,0,1
2022-12,1.1600000000000001,-0.6723809523809524,4.104193548387097,6.404600402357152,-0.8016099812473643,3.616190476190476,21.887748114882136,1.5247852148332823,-0.0043681496687846,1,6,0,0,0,0,0,1
2023-01,1.0999999999999996,-0.6759999999999999,4.33,6.327178517960097,0.3188082918103907,3.5315,17.823371061013994,1.4226944243624748,-0.015177751976906,1,6,0,0,0,0,0,1
2023-02,1.0300000000000002,-0.7868421052631579,4.57,5.957820738137087,-0.1634816837026265,3.7468421052631578,16.534051687231557,1.4911194560070984,-0.1432930412196444,1,6,0,0,0,0,0,1
2023-03,1.1100000000000003,-0.6395652173913043,4.6490322580645165,4.917719362889961,-0.36512224493961964,3.6630434782608696,16.797608831938017,1.536796028323271,-0.1752472086206895,1,6,0,0,0,0,0,1
2023-04,1.0600000000000005,-0.5559999999999999,4.83,4.950079879124369,-0.1843454258675048,3.46,13.48909060809637,1.544482188440756,0.2109593410485484,1,6,0,0,0,0,0,1
2023-05,1.0999999999999996,-0.5581818181818181,5.055806451612903,4.131851231385042,-0.39957171123073953,3.5736363636363637,13.512296401800311,1.5770607049793512,0.159244596338542,1,6,0,0,0,0,0,1
2023-06,1.0999999999999996,-0.8914285714285713,5.076333333333333,3.070617072997095,-0.8893464531073647,3.7480952380952384,11.611928957998412,1.419315565995829,0.1993422126592638,1,6,0,0,0,0,0,1
2023-07,1.08,-0.9289999999999999,5.12,3.287749268428297,-0.31247838929887584,3.8994999999999997,9.583414893257677,1.312184645418678,0.0378892356946856,1,6,0,0,0,0,0,1
2023-08,1.0699999999999994,-0.7339130434782608,5.33,3.722504803505289,-0.25421306219911566,4.167826086956522,10.351107475537471,1.347557776002992,0.0937801341514883,1,6,0,0,0,0,0,1
2023-09,1.0300000000000002,-0.643,5.33,3.687206638119256,-0.2672476942852109,4.379,11.72666648450706,1.336428804625309,0.010029954066306,1,6,0,0,0,0,0,1
2023-10,1.0199999999999996,-0.26952380952380955,5.33,3.2512659098611785,-0.7742988102069082,4.798095238095239,12.885662670742942,1.4314113851140438,0.2468270452449903,1,6,0,0,0,0,0,1
2023-11,1.0099999999999998,-0.3795238095238095,5.33,3.1333462745911866,-0.09043615385835313,4.502857142857143,14.422990615377179,1.196402816620384,-0.0603482559129415,1,6,0,0,0,0,0,1
2023-12,0.8999999999999995,-0.437,5.33,3.3159099427102934,0.8386591076755323,4.0200000000000005,8.99978473086579,1.1459315852251974,-0.2080769224600169,1,6,0,0,0,0,0,1
2024-01,0.8099999999999996,-0.2647619047619048,5.33,3.0883429864855705,-1.2762549126908995,4.058095238095238,10.099626060153943,1.1064177652735503,-0.0457974527985127,1,6,0,0,0,0,0,1
2024-02,0.7399999999999993,-0.3365,5.33,3.157074141648697,-0.3543266402759926,4.2075000000000005,12.039539254181902,1.1076762790899524,-0.111073504415156,1,6,0,0,0,0,0,1
2024-03,0.7400000000000002,-0.3795,5.33,3.4868349120836584,-0.557312624665296,4.2085,11.346619687034767,1.0571695889337247,-0.0687397573663568,1,6,0,0,0,0,0,1
2024-04,0.7199999999999998,-0.33409090909090905,5.33,3.3607951262196734,-0.9971062585799939,4.539090909090909,11.211756857317674,1.0205431955359665,-0.1822800917176612,1,6,0,0,0,0,0,1
2024-05,0.7000000000000002,-0.3740909090909091,5.33,3.244278584003113,-0.06499644303002983,4.482272727272727,12.030132935452649,0.9883033845641878,-0.1093940513821907,1,6,0,0,0,0,0,1
2024-06,0.6900000000000004,-0.431578947368421,5.33,2.9702579486470926,0.7734749239909133,4.3052631578947365,8.144646199922523,1.0986879766362003,-0.0033587364060065,1,6,0,0,0,0,0,1
2024-07,0.7199999999999998,-0.24727272727272728,5.33,2.9414757935583014,-0.9226344732312097,4.248636363636364,9.144752585265048,1.0750816154631253,-0.0655858543594949,1,6,0,0,0,0,0,1
2024-08,0.7299999999999995,-0.09454545454545454,5.33,2.607144490692037,-0.4050008280501727,3.8709090909090906,20.379476546223746,1.0982760608540154,-0.0135478307673988,1,6,0,0,0,0,0,1
2024-09,0.7400000000000002,0.101,5.13,2.4264830315416708,-1.2004422838397089,3.7235,15.090202807694496,1.053313299584513,-0.071922784896937,0,0,0,0,0,0,0,0
2024-10,0.6799999999999997,0.12318181818181818,4.83,2.578844053871343,-0.9947356843759692,4.095454545454545,10.172317538838982,0.9867448097374252,-0.3408052692552622,0,0,0,0,0,0,0,0
2024-11,0.6400000000000006,0.09842105263157895,4.638333333333334,2.719472461284833,-1.5579409481489392,4.35578947368421,13.300860227401284,0.9516322132239764,-0.2026974511888775,0,0,0,0,0,0,0,0
2024-12,0.5999999999999996,0.1657142857142857,4.47516129032258,2.870690967509981,-0.2741466217243804,4.3914285714285715,11.006780408261127,0.937760673015886,-0.4400250076274012,0,0,0,0,0,0,0,0
